Key,Arabic,French,English
start_adventure,فلنبدأ المغامرة! , Commençons l'aventure! , Let's start the adventure!
login,تسجيل الدخول,Connexion,Sign in
login_with_google,تسجيل الدخول باستخدام Google,Se connecter avec Google,Sign in with Google
or,أو,ou,or
mobile_number_prompt,ماهو رقم هاتفك الجوال؟,Quel est votred numéro de téléphone?,What is your mobile phone number?
phone_number_placeholder,رقم الهاتف,Numéro de téléphone,Phone number
privacy_policy_consent,"بتسجيلك أنت توافق على >/color< سياسة الخصوصية >color=red<","En t’inscrivant, tu acceptes <color=red>la politique de confidentialité</color>.","By signing up, you agree to the <color=red>Privacy Policy</color>."
privacy_policy_title,مبادئ الخصوصية,Principes de confidentialité,Privacy Policies
privacy_policy_content,"تقوم سياسة الخصوصية الخاصة بنا على المبادئ التالية. لك الحرية في الاشتراك بأي نشاط على منصاتنا يتضمن تقديمك لمعلومات شخصية، مثل اسمك، أو بريدك الإلكتروني، أو رقم هاتفك أو أي معلومات يمكن استخدامها لتحديد أو الاتصال بأي فرد سواء عبر الإنترنت أو خارجه. سوف نقوم صراحة بطلب هذا النوع من المعلومات منك. علماً بأن جزء من الأنشطة على منصتنا لا تتطلب إرسال أي معلومات شخصية. (عندما نطلب منكم تقديم معلومات شخصية، سوف نقوم أثناء عملية التسجيل أو جمع البيانات بشرح الكيفية التي سوف نستخدم فيها هذه المعلومات (مثل طلب عنوان البريد إلكتروني عند التسجيل للحصول على نشرة بريدية). و سوف نقوم باستخدام هذه المعلومات فقط بالطريقة التي بيناها، باستثناء الظروف الخاصة التي سيتم شرحها لاحقا( مثل تلك التي تتعلق بتطبيق القانون أو نقل الأعمال. نحن نستخدم المعلومات المجهولة التي يتم جمعها تلقائياً من الجهاز الخاص بك، مثل عنوان “بروتوكول الإنترنت” الخاص بالكمبيوتر، ومعرف الجهاز المحمول، ونظام التشغيل أو الموقع العام مثل الرمز البريدي، لدعم العمليات الداخلية بحيث يمكننا أن نفهم، ونرصد استخدام منصاتنا ونقوم بتحسين تلك المنصات. لا تتضمن منصاتنا أي إعلانات قائمة على سلوك المستخدم؛ مما يعني أنك لن ترى أي إعلان يستهدفك بناءً على نشاطك على منصاتنا أو على مواقع و تطبيقات أخرى. تعتبر الأطراف الثالثة التي تقوم بالمساعدة في المنصات ملزمة باتباع “سياسة الخصوصية” هذه. خاص للأطفال تحت سن 13. سنقوم بالحصول على موافقة الوالدين قبل طلب المعلومات الشخصية على منصاتنا الخاصة بالأطفال، ما لم يكن طلب المعلومات يندرج تحت استثناء مسموح به في قانون حماية خصوصية الأطفال COPPA. نطالب بالوصول إلى الكاميرا لعرض تقنية الواقع المعزز. نطالب بالوصول إلى الإخطار Notification لإعلام المستخدم بالأخبار الجديدة. لا نتيح المعلومات الشخصية التي نجمعها من الأطفال بشكل علني ولا نمكن الأطفال من القيام بذلك على منصاتنا. كما أننا لن نشترط مقابل مشاركة طفل في أي نشاط أو خدمة، الإفصاح عن معلومات شخصية أكثر مما هو ضروري بشكل معقول للمشاركة بأي نشاط. يمكن للأهالي الاتصال بنا من خلال (contact@Feridaroundtheworld.com) لمراجعة أو تحديث أو إلغاء أي من معلومات أطفالهم الشخصية التي قد نكون جمعناها،أو لإخبارنا بعدم جمع أي معلومات إضافية من أطفالهم. سوف نقوم بتحديث سياسة الخصوصية هذه من وقت لآخر بنشر سياسة الخصوصية المحدثة عبر الإنترنت. لن نقوم بتغيير كيفية التعامل مع المعلومات التي تم جمعها مسبقاً دون إشعار الأهالي والحصول على موافقتهما عند الضرورة.","Notre politique de confidentialité repose sur les principes suivants. Vous êtes libre de participer à toute activité sur nos plateformes impliquant la fourniture d’informations personnelles, telles que votre nom, votre e-mail, votre numéro de téléphone ou toute information pouvant être utilisée pour identifier ou contacter toute personne, en ligne ou hors ligne. Nous demanderons explicitement ce type d’information. Certaines activités sur notre plateforme ne nécessitent pas l’envoi d’informations personnelles. Lorsque nous demandons des informations personnelles, nous expliquons lors de l’inscription ou de la collecte de données comment nous utiliserons ces informations (par exemple, demander une adresse e-mail pour s’inscrire à une newsletter). Nous utiliserons ces informations uniquement de la manière indiquée, sauf dans des circonstances particulières qui seront expliquées plus tard (telles que l’application de la loi ou le transfert d’entreprise). Nous utilisons les informations anonymes collectées automatiquement depuis votre appareil, telles que l’adresse IP, l’identifiant de l’appareil mobile, le système d’exploitation ou la localisation générale comme le code postal, pour soutenir nos opérations internes afin de comprendre, surveiller et améliorer nos plateformes. Nos plateformes ne contiennent aucune publicité basée sur le comportement des utilisateurs ; cela signifie que vous ne verrez aucune publicité ciblée en fonction de votre activité sur nos plateformes ou sur d’autres sites et applications. Les tiers qui assistent sur les plateformes sont tenus de suivre cette politique de confidentialité. Spécialement pour les enfants de moins de 13 ans : nous obtiendrons le consentement des parents avant de demander des informations personnelles sur nos plateformes destinées aux enfants, sauf si la demande est couverte par une exception permise par la loi COPPA. Nous demandons l’accès à la caméra pour afficher la réalité augmentée. Nous demandons l’accès aux notifications pour informer l’utilisateur des nouvelles. Nous ne rendons pas publiques les informations personnelles collectées auprès des enfants et ne permettons pas aux enfants de le faire sur nos plateformes. Nous ne conditionnons pas la participation d’un enfant à une activité ou un service à la divulgation d’informations personnelles plus que ce qui est raisonnablement nécessaire. Les parents peuvent nous contacter via (contact@Feridaroundtheworld.com) pour examiner, mettre à jour ou supprimer les informations personnelles de leurs enfants ou pour nous informer de ne pas collecter d’informations supplémentaires auprès de leurs enfants. Nous mettrons à jour cette politique de confidentialité de temps à autre en publiant la version mise à jour en ligne. Nous ne modifierons pas la manière dont les informations précédemment collectées sont traitées sans notifier les parents et obtenir leur consentement si nécessaire.","Our privacy policy is based on the following principles. You are free to participate in any activity on our platforms involving providing personal information, such as your name, email, phone number, or any information that can be used to identify or contact any individual online or offline. We will explicitly request this type of information. Note that some activities on our platform do not require submitting any personal information. When we request personal information, we explain during registration or data collection how we will use this information (for example, requesting an email address when signing up for a newsletter). We will use this information only in the manner we have outlined, except in special circumstances that will be explained later (such as those related to law enforcement or business transfers). We use anonymous information collected automatically from your device, such as your computer's IP address, mobile device ID, operating system, or general location like zip code, to support internal operations so that we can understand, monitor, and improve our platforms. Our platforms do not include any user behavior-based advertising; this means you will not see any ad targeting based on your activity on our platforms or other sites and apps. Third parties assisting on the platforms are required to follow this privacy policy. Special for children under 13: We will obtain parental consent before requesting personal information on our child-specific platforms unless the request falls under an exception allowed by COPPA. We request access to the camera to display augmented reality. We request access to notifications to inform the user of new updates. We do not make personal information collected from children public, nor do we allow children to do so on our platforms. We will not require more personal information than reasonably necessary for a child to participate in any activity or service. Parents can contact us at (contact@Feridaroundtheworld.com) to review, update, or delete any personal information about their children we may have collected, or to inform us not to collect any additional information from their children. We will update this privacy policy from time to time by publishing the updated privacy policy online. We will not change how previously collected information is handled without notifying parents and obtaining their consent when necessary."
automatic_data_collection,"المعلومات التي نقوم بجمعها تلقائياً","Les informations que nous collectons automatiquement","The information we collect automatically"
automatic_data_collection_content,"نستخدم المعلومات المجهولة التي يتم جمعها تلقائياً لدعم العمليات الداخلية للمنصات. ويتم جمع بعض هذه المعلومات من خلال الأدوات التحليلية لطرف ثالث. وتشمل العمليات الداخلية ما يلي: رصد بعض المؤشرات مثل العدد الإجمالي للزوار وحركة المرور؛ معرفة الأنشطة والخدمات الأكثر شعبية؛ الانشطة الاكثر شعبية في منصتنا؛ الوقت اللازم للاجابة على التمارين المدرسية و عدد تكرار الاخطاء. يتم تشغيل منصة فريد حول العالم من قبل فريق Horizon Education ، ومقرها تونس،رقم الهاتف 0021631145451 ، البريد الالكتروني:contact@Feridaroundtheworld.com","Nous utilisons les informations anonymes collectées automatiquement pour soutenir les opérations internes des plateformes. Certaines de ces informations sont collectées via des outils analytiques tiers. Les opérations internes incluent : le suivi de certains indicateurs tels que le nombre total de visiteurs et le trafic ; la connaissance des activités et services les plus populaires ; les activités les plus populaires sur notre plateforme ; le temps nécessaire pour répondre aux devoirs et le nombre de répétitions des erreurs. La plateforme Ferid Around the World est exploitée par l'équipe Horizon Education, basée en Tunisie, téléphone 0021631145451, email : contact@Feridaroundtheworld.com","We use anonymous information collected automatically to support internal platform operations. Some of this information is collected through third-party analytics tools. Internal operations include: monitoring certain metrics such as total visitors and traffic; identifying the most popular activities and services; the most popular activities on our platform; the time required to complete homework and the frequency of errors. The Ferid Around the World platform is operated by the Horizon Education team, based in Tunisia, phone 0021631145451, email: contact@Feridaroundtheworld.com"
welcome_parent,أهلا بك عزيزي الولي,Bienvenue cher parent,Welcome dear parent
parent_name,"إسم الأب أو الأم","Nom du père ou de la mère","Parent's name"
first_name,الاسم,Prénom,Name
male,ذكر,Masculin,Male
female,أنثى,Féminin,Female
birth_date,تاريخ الولادة,Date de naissance,Birth date
january,جانفي,Janvier,January
february,فيفري,Février,February
march,مارس,Mars,March
april,أفريل,Avril,April
may,ماي,Mai,May
june,جوان,Juin,June
july,جويلية,Juillet,July
august,أوت,Août,August
september,سبتمبر,Septembre,September
october,أكتوبر,Octobre,October
november,نوفمبر,Novembre,November
december,ديسمبر,Décembre,December
accept,موافق,Accepter,Accept
enter_kid_intro,"ممتاز, فلنتعرف على طفلك!","Excellent,let's get to know your child!","Excellent,let's get to know your child!"
last_name,اللقب,Nom,Last name
choose_ferid_uniform,"أختار زيّ فريد","Choisir l'uniforme de Ferid","Choose Ferid uniform"
premium_account,"هذا الحساب مميز","Ce compte est premium","This account is premium"
notification,إشعار,Notification,Notification
phone_number_verification,الرّجاء التّأكّد من صحّة رقم الهاتف,Veuillez vérifier l'exactitude du numéro de téléphone,Please verify the phone number's accuracy
agree,"موافق","D'accord","Agree"
ferid_verification_code_prompt,"الرّجاء إدخال رمز التّثبّت لفريد حول العالم","Veuillez entrer le code de vérification pour Ferid Around the World","Please enter the verification code for Ferid Around the World"
verification_code,رمز التّثبّت,Code de vérification,Verification code
verification_code_sent,لقد أرسلنا لك رمز التثّبت,Nous vous avons envoyé le code de vérification,We have sent you the verification code
resend_code,أرسل الرّمز من جديد,Renvoyer le code,Resend the code
enter_code,قم بإدخال الرمز,Veuillez entrer le code,Please enter the code
verify_code,التثبّت من الرّمز,Vérifier le code,Verify the code
delete_game_confirmation,"هل تريد حذف اللّعبة؟","Voulez-vous supprimer le jeu?","Do you want to delete the game?"
confirm_action,"هل أنت متأكد؟","Êtes-vous sûr?","Are you sure?"
yes,"نعم","Oui","Yes"
no,"لا","Non","No"
content_in_development_warning,"هذا المحتوى لا يزال قيد التطوير وقد يحتوي على بعض الأخطاء التقنية.هل تريد المتابعة؟","Ce contenu est encore en cours de développement et peut contenir certaines erreurs techniques.Voulez-vous continuer?","This content is still under development and may contain some technical issues.Do you want to continue?"
parent_space,"فضاء الأولياء","Espace parents","Parent space"
enter_correct_answer_prompt,"للاستمرار، الرجاء ادخال الإجابة الصحيحة","Pour continuer, veuillez entrer la bonne réponse","To continue, please enter the correct answer"
exclusive_content_warning,"هذا المحتوى حصري لمشتركي تطبيقة فريد!","Ce contenu est exclusif aux abonnés de l'application Ferid!","This content is exclusive to Ferid app subscribers!"
exclusive_content_warning,"هذا المحتوى حصري لمشتركي تطبيقة فريد!","Ce contenu est exclusif aux abonnés de l'application Ferid!","This content is exclusive to Ferid app subscribers!"
start_now,"ابدأ الآن","Commencer maintenant","Start now"
technical_issues_warning,"لدينا بعض المشاكل الفنية، نود أن نطلب منك الصبر والتحقق مرة أخرى من التطبيق لاحقًا.","Nous rencontrons quelques problèmes techniques, nous vous demandons de patienter et de vérifier l'application plus tard.","We are experiencing some technical issues,we ask for your patience and to check the app again later."
update,"تحديث","Mise à jour","Update"
update_app_required,"الرّجَاءْ تَحْدِيث التّطْبِيق قَبْلَ الإِسْتَعْمَال","Veuillez mettre à jour l'application avant utilisation","Please update the app before use"
notice,"تنويه","Avis","Notice"
account_logged_on_another_device,"هَذا الحِساب مُسَجّل من جِهاز آخر.للإستمرَار يُرجى تسجِيلُ الخُروج و إعادة الدّخول","Ce compte est connecté depuis un autre appareil.Pour continuer, veuillez vous déconnecter et vous reconnecter","This account is logged in from another device.To continue, please log out and log in again"
logout,"تسجيل الخروج","Déconnexion","Log out"
no_internet_connection,"لا يوجد اتصال بالإنترنت","Aucune connexion Internet","No internet connection"
offline_mode_prompt,"لن تتمكن من تنزيل محتويات جديدة.تفعيل وضع عدم الاتّصال؟","Vous ne pourrez pas télécharger de nouveaux contenus.Activer le mode hors ligne?","You will not be able to download new content.Enable offline mode?"
retry,"أعد المحاولة","Réessayer","Retry"
congratulations,"تهانينا","Félicitations","Congratulations"
you_won,"لقد ربحت","Vous avez gagné","You have won"
continue,"واصل","Continuer","Continue"
technical_issue_contact,"هناك مشكلة فنية.يُرجى مراجعة الفريق الفني لشركة فريد.\nللاتصال: 52971723","Il y a un problème technique.Veuillez contacter l'équipe technique de Ferid.\nContact: 52971723","There is a technical issue.Please contact Ferid's technical team.\nContact: 52971723"
check_internet_and_phone,"الرّجاء التّأكّد من إتّصالك بالأنترنت و صحّة رقم الهاتف","Veuillez vérifier votre connexion Internet et l'exactitude du numéro de téléphone","Please check your internet connection and phone number"
incorrect_code,"الرّمز المكتوب غير صحيح","Le code saisi est incorrect","The entered code is incorrect"
internet_error,"هناك خطأ يرجى التحقق من إتصالك بالإنترنت","Une erreur s'est produite, veuillez vérifier votre connexion Internet","An error occurred,please check your internet connection"
please_enter_message,"الرجاء إدراج رسالة","Veuillez insérer un message","Please enter a message"
messages_limit_exceeded,"لقد تجاوزت عدد الرّسائل المتاحة","Vous avez dépassé le nombre de messages disponibles","You have exceeded the number of available messages"
video_player_error,"عذرًا! هناك مشكلة في مشغل الفيديو. سيتم اعتبار الفيديو مكتملًا. نأسف لذلك!","Désolé!Il y a un problème avec le lecteur vidéo. La vidéo sera considérée comme terminée. Nous nous en excusons!","Sorry! There is an issue with the video player. The video will be considered complete. We apologize for that!"
download_error_retry,"هُناكَ خطأ في التَّحميل يُرجَى الحذف و إعادة التَّنزيل","Une erreur de téléchargement s'est produite, veuillez supprimer et retélécharger","There was an error in downloading, please delete and re-download"
subscription_error,"هُناك خطأ في الإشتراك. أرجو التّثَّبُّتَ في المعلومات المكتوبة.","Il y a une erreur dans l'abonnement. Veuillez vérifier les informations saisies.","There is an error in the subscription. Please check the entered information."
code_already_used,"هذا الرّمز قد أُستعمل سابقا","Ce code a déjà été utilisé","This code has already been used"
subscription_error,"هُناك خطأ في الإشتراك. أرجو التّثَّبُّتَ في المعلومات المكتوبة.","Il y a une erreur dans l'abonnement. Veuillez vérifier les informations saisies.","There is an error in the subscription. Please check the entered information."
coming_soon,"قريبا","Bientôt","Coming soon"
refresh_page_error,"هناك خطأ،يرجى تحديث الصفحة بالضغط على زر الرجوع","Une erreur s'est produite,veuillez actualiser la page en appuyant sur le bouton retour","An error occurred,please refresh the page by pressing the back button"
generic_error,"هناك خطأ","Il y a une erreur","There is an error"
empty,"","",""
phrase_1768557661,"أرسل رقم الهاتف","Envoyer le numéro de téléphone","Send phone number"
phrase_1768558519,"إلغاء","Annuler","Cancel"
phrase_1768559458,"جاري التحميل ","Chargement en cours","Loading"
phrase_1768559692,"Beta","Bêta","Beta"
phrase_1768559786,"الذّهاب إلى الخريطة","Aller à la carte","Go to the map"
phrase_1768559815,"مطلوب التحديث","Mise à jour requise","Update required"
phrase_1768559848,"عليك الوصول إلى مستوى فهد أوّلاً","Vous devez d'abord atteindre le niveau du Fehd","You must reach the level of a Fehd first"
phrase_1768559883,"اذهب إلى الرّابط","Allez au lien","Go to the link"
phrase_1768578257,"ثلاثة أيام متبقّية","Trois jours restants","Three days remaining"
phrase_1768808507,"الإعدادات","Paramètres","Settings"
phrase_1768808527,"التفضيلات","Préférences","Preferences"
phrase_1768808534,"ما الجديد","Qu'est-ce que de nouveau?","What's new?"
phrase_1768808540,"تقرير الأطفال","Rapport des enfants","Children's Report"
phrase_1768808556,"سبعة أيّام متبقّية","sept jours restants","seven days remaining"
phrase_1768810513,"سفينة فريد","le bateau de Ferid","Ferid's ship"
phrase_1768810523,"قصص و حكايات","Histoires et Contes","Stories and Tales"
phrase_1768810528,"فيديوهات","Vidéos","Videos"
phrase_1768810533,"الخريطة","La carte","The map"
phrase_1768810536,"ألعاب","Jeux","Games"
phrase_1768810539,"الان","Maintenant","Now"
phrase_1768810768,"فريد","Ferid","Ferid"
phrase_1768811828,"المحتوى المربوح","Contenu gagné","Won content"
phrase_1768811833,"حصري","Exclusif","Exclusive"
phrase_1768811844,"جديد","nouveau","new"
phrase_1768812295,"فريد يحتاج الرّاحة حتّى يتَمَكّن من الذّهاب في رحلة جديدة","Ferid a besoin de repos pour pouvoir partir en voyage nouveau","Ferid needs rest so that he can go on a new trip"
phrase_1768812323,"يمكنك لعب المستوى الّانهائي في الألعاب الفارطة في الإنتظار","Vous pouvez jouer au niveau infini dans les jeux d'attente","You can play the endless level in the waiting games"
phrase_1768812410,"أطلب تمديدا من والدايا","Demander une prolongation à mes parents","Request an extension from my parents"
phrase_1768812539,"اللّعب لفترة طويلة أمام الجهاز مضِرٌّ لأطفالكم","Jouer longtemps devant l'appareil est nocif pour vos enfants","Playing for a long time in front of the device is harmful to your children"
phrase_1768812599,"رمضان كريم","Ramadan Karim","Ramadan Kareem"
phrase_1768813428,"عُدْ غَدًا لِلْمَزِيدِ مِنْ مُحْتَوَياتِ رَمَضانَ المُشَوِّقَةِ يُمْكِنُكَ فِي الأَثْنَاء اكْتِشافُ الخَريطَةِ الأُخْرَى لِمُغامَرَةِ فَريدٍ وَ الأَصْدِقَاءِ","Vous pouvez également explorer l’autre carte pour une aventure unique de Ferid et de ses amis. Revenez demain pour encore plus de contenu captivant sur le Ramadan.","You can also explore the other map for a unique adventure of Ferid and his friends. Come back tomorrow for more exciting Ramadan content."
phrase_1768813441,"إكتشف ذكاء طفلك ","Découvrez l'intelligence de votre enfant","Discover your child's intelligence"
phrase_1768813501,"محتوى تعليمي تثقيفي موجه لتنمية الذكاءات المتعددة لطفلك معد من قبل فريق بيداغوجي مختص","Contenu éducatif visant à développer les multiples intelligences de votre enfant, préparé par une équipe pédagogique spécialisée","Educational content aimed at developing your child's multiple intelligences,prepared by a specialized pedagogical team"
phrase_1768813609,"إشترك معنا الآن!","Rejoignez-nous!","Join us!"
phrase_1768813620,"موسوعة متنقلة بين يديك","Encyclopédie à portée de main","Encyclopedia at your fingertips"
phrase_1768813696,"يكتشف طفلك معلومات جديدة باللغة العربية عن طريق موسوعتنا الثرية","Votre enfant découvre de nouvelles informations grâce à notre riche encyclopédie","Your child discovers new information through our rich encyclopedia"
phrase_1768813704,"لا إنترنت لا مشكلة","Pas d'internet pas de problème","No internet no problem"
phrase_1768813734,"يمكن لطفلك استعمال التطبيق بدون إنترنت بعد تحميل المحتوى.","Votre enfant peut utiliser l'application sans internet après avoir téléchargé le contenu.","Your child can use the app without internet after downloading the content."
phrase_1768814829,"هَذا الحِساب مُسَجّل من جِهاز آخر. للإستمرَار يُرجى تسجِيلُ الخُروج و إعادة الدّخول","Ce compte est connecté à partir d'un autre appareil. Pour continuer, veuillez vous déconnecter et vous reconnecter","This account is logged in from another device. To continue, please log out and log in again"
phrase_1768815185,"دفتر أعدادي","Mes notes","My grades"
phrase_1768815201,"تغيير الطفل","Changement d'enfant","Child change"
phrase_1768816929,"أحسنت! ازدهرت نبتتك اليوم!","Bien joué!Votre plante a prospéré aujourd'hui!","Well done!Your plant has flourished today!"
phrase_1768817108,"المتابعة","Continuer","Continue"
phrase_1768817129,"قد اضيفت إلى بستانك الجميل !","A été ajouté à votre beau jardin!","Has been added to your beautiful garden!"
phrase_1768817261,"اذهب إلى بستاني","Va dans mon jardin","Go to my garden"
monday,الاثنين,Lundi,Monday
tuesday,الثلاثاء,Mardi,Tuesday
wednesday,الأربعاء,Mercredi,Wednesday
thursday,الخميس,Jeudi,Thursday
friday,الجمعة,Vendredi,Friday
saturday,السبت,Samedi,Saturday
sunday,الأحد,Dimanche,Sunday
يوم,يوم,Jour,Day
يومان متتاليان,يومان متتاليان,"Jours consécutifs","Consecutive days"
أيام متتالية,أيام متتالية,"Jours consécutifs","Consecutive days"
يوماً متتالياً,يوماً متتالياً,"Jours consécutifs","Consecutive days"
phrase_1768895182,"مَدْرَسَتُنَا أَصْبَحَتْ أَجْمَل! اكْتَشِفْ الشَّكْل الْجَدِيد، وَتَعَرَّفْ عَلَى نِظَامٍ سَهْلِ الِاسْتِخْدَام وَأَلْعَابٍ رَائِعَةٍ جَدِيدَةٍ","Notre école est devenue plus belle. Découvrez le nouveau look, avec un système facile à utiliser et de nouveaux jeux passionnants.","Our school has become more beautiful. Discover the new look, an easy-to-use system and new exciting games."
phrase_1768905565,"اكْتَشِفْ الْخَرِيطَةِ الْإِسْلَامِيَّةَ! سَافِرْ عَبْرَ الزَّمَانِ وَتَعَرَّفْ عَلَى قِصَصِ الْأَنْبِيَاءِ بِطَرِيقَةٍ مُمْتِعَةٍ وَمَلِيئَةٍ بِالْمُغَامَرَاتِ!","Découvrez la carte islamique. Voyagez dans le temps et découvrez les histoires des prophètes d'une manière amusante et pleine d'aventures!","Discover the Islamic map. Travel through time and learn about the stories of the prophets in a fun and adventure-filled way!"
phrase_1768905628,"كل يوم تفتح فيه فريد، تكبر زهرتك أكثر… لا تنسَ زيارتها يوميًّا حتى تكبر وتزهّي!","Chaque jour que vous ouvrez l'application Ferid ton fleur grandit. N'oubliez pas de le visiter quotidiennement jusqu'à ce qu'il grandisse et s'épanouit!","Every day you open Ferid app , your flower grows larger. Don't forget to visit it daily until it grows and flourishes!"
phrase_1768905719,"القائمة الجانبية الجديدة تجمع لك كل الْخِيَارَات الإضافية… افتحها واكتشف المزيد!","Le nouveau menu latéral regroupe toutes les options supplémentaires. Ouvrez-le et découvrez-en plus!","The new side menu brings together all the additional options. Open it and discover more!"
error_123456,"خطأ","Erreur","Error"
please_check_internet_81726,"الرّجاء التّثبّت من الأنترنت","Vérifiez la connexion Internet","Please check the internet connection"
science_123456,"العلوم","Sciences","Science"
history_124578,"التاريخ","Histoire","History"
creativity_123789,"الإبداع","Créativité","Creativity"
math_147258,"الرياضيات","Mathématiques","Mathematics"
islam_258369,"التّربية الإسلامية","Éducation islamique","Islamic education"
languages_258479,"اللّغات","Langues","Languages"
cartoon_123654,"فيديوهات","Vidéos","Videos"
education_254478,"مدرستنا","Notre école","Our School"
intelligence_458921,"الخريطة","Carte","Map"
reading_362479,"قصص و حكايات","Histoires et contes","Stories & Tales"
variety_58372,"منوّعات","Variétés","Variety"
playing_121456,"ألعاب","Jeux","Games"
phrase_1769093225,"فضاء مرح وثقافي","Espace de divertissement et de culture","Fun and Cultural Space"
phrase_1769093283,"تحصل على محتوى تعليمي لا نهائي ومتجدد دوريا من الألعاب، القصص والصور المتحركة التي تنمي قدرات طفلك بشكل إيجابي","Obtenez un contenu éducatif infini et renouvelé périodiquement à partir de jeux, d'histoires et d'animations qui développent de manière positive les capacités de votre enfant","Get endless and periodically renewed educational content from games, stories and animations that positively develop your child's abilities"
phrase_1769093291,"اضغط هنا للاشتراك","Cliquez ici pour vous abonner","Click here to subscribe"
phrase_1769093368,"تشويق وإثارة لطفلك","Excitation et enthousiasme pour votre enfant","Excitement and thrill for your child"
phrase_1769093405,"يخوض طفلك تحديات مليئة بالإنجازات والجوائز التحفيزية مع فريد وأصدقائه","Votre enfant affronte des défis remplis de réalisations et de récompenses motivantes avec Ferid et ses amis","Your child faces challenges full of achievements and motivational awards with Ferid and his friends"
phrase_1769093447,"فضاء آمن وخال من الإعلانات","Espace sûr et sans publicité","Safe and ad-free space"
phrase_1769093506,"فضاؤنا آمن وخال من الإعلانات يحرص على حماية طفلك وعدم تشتيت تركيزه","Notre espace est sûr et exempt de publicités, assurant la protection de votre enfant et n'en distrayant pas l'attention","Our space is safe and free of ads, ensuring the protection of your child and not distracting his/her focus"
phrase_1769093673,"هذا المحتوى حصري لمشتركي تطبيقة فريد!أطلب من ماما أو بابا الإشتراك لتستمتعوا ببقيّة المحتوى","Ce contenu est exclusif aux abonnés de l'application Ferid!Demandez à maman ou papa de s'abonner pour profiter du reste du contenu","This content is exclusive to Ferid app subscribers!Ask mom or dad to subscribe to enjoy the rest of the content"
phrase_1769093703,"أطلب من أبي و أمّي الإشتراك لفتح المحتوى","Je demande à mon père et à ma mère de s'abonner pour accéder au contenu","I ask my father and mother to subscribe to access the content"
phrase_1769163618,"مدرستنا الجديدة","Notre nouvelle école","Our new school"
phrase_1769165799,"رحلة ","Voyage","Journey"
phrase_1769165818,"الإيمان","de la Foi","of Faith"
phrase_1769166823,"عجلة الهدايا","Roue des Cadeaux","Wheel of Gifts"
phrase_1769168418,"الوقت المتبقي:","Temps restant:","Time remaining:"
phrase_1769169247,"أبدأ!","Lancer!","Let's start!"
one_day_147852,"يوم واحد","Un jour","One day"
two_days_remaining_458965,"يومان متبقّيان","Deux jours restants","Two days remaining"
days_102310," أيّام "," jours "," days "
day_101021," يوم "," jours "," days "
one_hour_741254,"ساعة واحدة","Une heure","One hour"
two_hours_remaining_001212,"ساعتان متبقّيتان","Deux heures restantes","Two hours remaining"
hours_140140," ساعات "," heures "," hours "
hour_000111," ساعة "," heures "," hours "
some_minutes_526541,"دقائق معدودة","Quelques minutes","A few minutes"
now_454545,"الآن","Maintenant","Now"
phrase_1769182121,"إشترك الآن","Abonnez-vous","Subscribe"
phrase_1769419961,"بستاني","Jardin","Garden"
phrase_1769420863,"الصفحة الرئسية ","Page d'accueil","Home Page"
phrase_sunflower1769509549,"نبات طويل القامة موطنه أمريكا الشمالية، تُعرف أزهاره بتتبعها لحركة الشمس خلال النهارتُستخرج منها بذور وزيت يُستخدم في الطعام.","Une plante de haute taille et originaire d'Amérique du Nord,ses fleurs sont connues pour suivre le mouvement du soleil pendant la journée.Des graines et de l'huile utilisés dans les aliments sont extraits de celle-ci.","A tall plant native to North America,its flowers are known to follow the movement of the sun during the day.Seeds and oil used in food are extracted from it."
phrase_tulip1769510029,"زهرة تنتمي لعائلة الزنبقيات، موطنها الأصلي آسيا الوسطى وتركيا، وتشتهر بألوانها الزاهية. تتفتح بعد الشتاء لتعلن قدوم الربيع! تُزرع كثيرًا في هولندا التي تُعدّ رمزها الوطني.","Une fleur appartenant à la famille des lis,originaire d'Asie centrale et de Turquie,connue pour ses couleurs vives.Elle fleurit après l'hiver pour annoncer l'arrivée du printemps!Elle est largement cultivée aux Pays-Bas,qui est considérée comme son symbole national.","A flower belonging to the lily family,native to Central Asia and Turkey,known for its vibrant colors.It blooms after winter to announce the arrival of spring!It is widely cultivated in the Netherlands,which is considered its national symbol."
phrase_rose1769510873,"ملكة الأزهار بعطرها الرائع! ورمز الحب واللطف والمودّة والعطاء في كل العالم! الأصلية من آسيا، وهناك أكثر من 300 نوع منها بألوان مختلفة","La reine des fleurs avec son parfum merveilleux!Et un symbole de l'amour,de la gentillesse,de l'affection et du don dans le monde entier!Originaire d'Asie,et il existe plus de 300 sortes de fleurs de différentes couleurs","The queen of flowers with its wonderful fragrance!And a symbol of love,kindness,affection,and giving all over the world!Originally from Asia,and there are over 300 types of it in different colors"
phrase_daisy1769511117,"نبات عشبي موطنه أوروبا، أزهاره بيضاء وصفراء، تفتح زهرة الأقحوان بتلاتها في الصباح وتغلقها ليلًا. تزرع للزينة، رمز للبراءة والفضول والبهجة.","Une plante herbacée originaire d'Europe,ses fleurs sont blanches et jaunes,le pissenlit ouvre ses pétales le matin et les ferme la nuit.Elle est cultivée pour l'ornement,symbole d'innocence,de curiosité et de joie.","A herbaceous plant native to Europe,its flowers are white and yellow,the daisy opens its petals in the morning and closes them at night.It is cultivated for ornament,a symbol of innocence, curiosity and joy."
phrase_hibicus1769511633,"زهرة حمراء زاهية تنمو في الأماكن الدافئة. تُزرع في إفريقيا وآسيا وتُحبّ المناخ الدافئ. ترمز إلى القوة والحيوية، ويُصنع منها شراب لذيذ.","Une fleur rouge vif qui pousse dans les endroits chauds.Elle est cultivée en Afrique et en Asie et aime le climat chaud.Elle symbolise la force et la vitalité,et un sirop délicieux est fabriqué à partir","A bright red flower that grows in warm places.It is cultivated in Africa and Asia and loves the warm climate.It symbolizes strength and vitality,and a delicious syrup is made from it."
phrase_lavender1769511834,"نبات عطريّ من منطقة البحر الأبيض المتوسط، تُستخدم أزهارها في صناعة الصابون والزيوت المعطّرة. تُعطّر الهواء برائحتها الهادئة والمريحة !","Une plante parfumée de la région méditerranéenne,ses fleurs sont utilisées dans la production de savon et d'huiles parfumées.Elle parfume l'air avec son parfum calme et apaisant!","A fragrant plant from the Mediterranean region,its flowers are used in the production of soap and perfumed oils.It fragrances the air with its calm and soothing scent!"
phrase_paperlily1769512513,"زهرة أنيقة تنمو قرب الماء وتحبّ الضوء! تعيش في المناطق المعتدلة، لها أزهار كبيرة بيضاء أو ملوّنة. تزرع في الحدائق وتستعمل أحيانًا للزينة في الاحتفالات.","Une fleur élégante qui pousse près de l'eau et qui aime la lumière!Elle vit dans les régions tempérées,a de grandes fleurs blanches ou colorées.Elle est plantée dans les jardins et est parfois utilisée pour la décoration lors des célébrations.","An elegant flower that grows near water and loves light!It lives in temperate regions,has large white or colored flowers.It is planted in gardens and sometimes used for decoration in celebrations."
phrase_dahlia1769512668,"نبات موطنه المكسيك، أزهارها ضخمة ومتنوّعة الألوان. تنمو زهرة الأَضَالِيَة في الجبال والحدائق، أصبحت رمزًا للحدائق الصيفيّة وتستعمل في مسابقات الزهور.","Une plante originaire du Mexique,ses fleurs sont grandes et variées en couleur.La fleur de Dahlia pousse dans les montagnes et les jardins,est devenue un symbole des jardins d'été et est utilisée dans les concours de fleurs.","A plant native to Mexico,its flowers are large and varied in color.The Dahlia flower grows in mountains and gardens,has become a symbol of summer gardens and is used in flower competitions."
phrase_peony1769513220,"نبات معمّر موطنه الصين، يُزرع لجمال أزهاره الكبيرة التي تشبه الغيوم الوردية!  يُستعمل في الزينة وبعض الطبّ التقليدي الآسيوي.","Une plante vivace originaire de Chine,cultivée pour ses grandes fleurs roses en forme de nuages!Elle est utilisée pour l'ornementation et certains médicaments traditionnels asiatiques.","A perennial plant native to China,cultivated for its large,cloud-like pink flowers!It is used for ornamentation and some traditionalAsian medicine."
phrase_orchid1769513401,"واحدة من أضخم عائلات النباتات، فيها آلاف الأنواع. نادرة وفاخرة وتنمو في الغابات الرطبة والاستوائية وتتميّز بأشكالها الغريبة والمميّزة. رمز للجمال والرقيّ والتميّز الفريد.","L'une des plus grandes familles de plantes,avec des milliers d'espèces.Rare et luxueux,il pousse dans les forêts humides et tropicales et se caractérise par ses formes étranges et distinctives. Un symbole de beauté,d'élégance et de distinction unique.","One of the largest plant families,with thousands of species.Rare and luxurious,it grows in humid and tropical forests and is characterized by its strange and distinctive shapes.A symbol of beauty,elegance,and unique distinction."
sunflower_123456,"دوّار الشمس","Tournesol","Sunflower"
tulip_147258,"التوليب","Tulipe","Tulip"
rose_258369,"الوردة","Rose","Rose"
daisy_874965,"الأقحوان","Marguerite","Daisy"
hibicus_212236,"الخَطْمِيّ","Hibiscus","Hibiscus"
lavender_598325,"الخُزامَى","Lavande","Lavender"
lily_471779,"الزنبق","Lys","Lily"
peony_665588,"عود الصليب","Pivoine","Peony"
dahlia_003636,"الأَضَالِيَةُ","Dahlia","Dahlia"
orchid_585565,"السحلبية","Orchidée","Orchid"
phrase_1769672940,"مرحبا يا أبطال!","Bonjour héros!","Hello heroes!"
phrase_1769679939,"اختر الفئات المفضلة لطفلك","Choisissez les catégories préférées de votre enfant","Choose your child's favorite categories"
phrase_1769680057,"من أين نبدأ مغامرة طفلك في فريد؟","Où commençons-nous l'aventure de votre enfant à Ferid?","Where do we start your child's adventure in Ferid?"
phrase_1769680244,"الدراسة","Étudier","Studying"
phrase_1769680270,"تنمية الذّكاءات","Intelligences","Intelligences"
phrase_1769680277,"المطالعة","Lecture","Reading"
phrase_1769680288,"التنوع","Diversité","Diversity"
phrase_1769680341,"اللّعب","Jouer","Playing"
phrase_1769681308,"الكرتون","Vidéos","Videos"
phrase_1769687611,"أدر العجلة","Tourner la roue","Turn the wheel"

please_wait_remaining_time_63841,"الرّجاء انتظار الوقت المتبقّي","Veuillez attendre le temps restant","Please wait for the remaining time"
free_game_one_day_92754,"يمكنك التمتّع بهذه الّلعبة ليوم كامل مجّانا.\nستجدها في القائمة الرّئيسيّة","Vous pouvez profiter de ce jeu gratuitement pendant une journée entière.\nVous le trouverez dans le menu principal","You can enjoy this game for a full day for free.\nYou’ll find it in the main menu"
congrats_free_game_34127,"تهانينا! لقد ربحت لعبة مجّانيّة","Félicitations!Vous avez gagné un jeu gratuit","Congratulations!You won a free game"
free_story_one_day_58291,"يمكنك التمتّع بهذه القصّة ليوم كامل مجّانا. ستجدها في القائمة الرّئيسيّة","Vous pouvez profiter de cette histoire gratuitement pendant une journée entière. Vous la trouverez dans le menu principal","You can enjoy this story for a full day for free. You’ll find it in the main menu"
congrats_free_story_77420,"تهانينا! لقد ربحت قصّة مجّانيّة","Félicitations! Vous avez gagné une histoire gratuite","Congratulations! You won a free story"
three_days_premium_91834,"يمكنك الاستمتاع بثلاثة أيّام متواصلة من المحتويات المميّزة لفريد","Vous pouvez profiter de trois jours consécutifs de contenus premium de Ferid","You can enjoy three consecutive days of Ferid’s premium content"
congrats_three_days_66519,"تهانينا! لقد ربحت اشتراك ثلاثة أيّام","Félicitations!Vous avez gagné un abonnement de trois jours","Congratulations! You won a three-day subscription"
one_week_premium_44082,"يمكنك الاستمتاع بأسبوع كامل متواصل من المحتويات المميّزة لفريد","Vous pouvez profiter d’une semaine entière de contenus premium de Ferid","You can enjoy a full week of Ferid’s premium content"
congrats_seven_days_30956,"تهانينا! لقد ربحت اشتراك سبعة أيّام","Félicitations!Vous avez gagné un abonnement de sept jours","Congratulations! You won a seven-day subscription"
one_day_premium_28741,"يمكنك الاستمتاع بيوم كامل متواصل من المحتويات المميّزة لفريد","Vous pouvez profiter d’une journée entière de contenus premium de Ferid","You can enjoy a full day of Ferid’s premium content"
congrats_daily_sub_95418,"تهانينا! لقد ربحت اشتراكاً يوميّاً","Félicitations ! Vous avez gagné un abonnement journalier","Congratulations! You won a daily subscription"
better_luck_short_62035,"حظاً أفضل في المرّة القادمة","Dommage","Better luck"
congrats_three_months_18394,"تهانينا! لقد ربحت تمديداً بثلاثة أشهر","Félicitations ! Vous avez gagné une extension de trois mois","Congratulations! You won a three-month extension"
sub_extended_three_months_57126,"اشتراكك المميّز قد تمدّد بثلاثة أشهر إضافيّة","Votre abonnement premium a été prolongé de trois mois supplémentaires","Your premium subscription has been extended by three additional months"
congrats_one_year_84620,"تهانينا! لقد ربحت تمديداً بسنة كاملة","Félicitations ! Vous avez gagné une extension d’un an","Congratulations! You won a one-year extension"
sub_extended_one_year_49275,"اشتراكك المميّز قد تمدّد بسنة إضافيّة كاملة","Votre abonnement premium a été prolongé d’une année complète supplémentaire","Your premium subscription has been extended by a full additional year"
congrats_special_decor_71048,"تهانينا! لقد ربحت ديكوراً خاصّاً","Félicitations ! Vous avez gagné un décor spécial","Congratulations! You won a special decoration"
congrats_extra_thunder_36819,"تهانينا! لقد ربحت رعوداً إضافيّة","Félicitations ! Vous avez gagné des tonnerres supplémentaires","Congratulations! You won extra thunder"
grand_prize_info_99041,"صندوق فريد هي الجائزة الكبرى، الرّجاء الاتّصال بمركز الفريد لتتحصّل على جائزتك","Le coffre Ferid est le grand prix, veuillez contacter le centre Ferid pour récupérer votre récompense","The Ferid box is the grand prize. Please contact the Ferid center to receive your reward"
congrats_grand_prize_55403,"تهانينا! لقد ربحت الجائزة الكبرى!","Félicitations ! Vous avez gagné le grand prix !","Congratulations! You won the grand prize!"
useful_fact_23188,"معلومة مفيدة","Information utile","Useful fact"
extra_thunder_67952,"رعد إضافي","Tonnerre supplémentaire","Extra thunder"
longer_play_time_81547,"يمكنك التمتّع بالألعاب لفترة أطول","Vous pouvez profiter des jeux plus longtemps","You can enjoy the games for a longer time"
special_decor_label_40296,"ديكور خاص","Décor spécial","Special decoration"
menu_background_change_76014,"ستجد خلفيّة القائمة الرّئيسيّة مختلفة عن العادة","Vous trouverez l’arrière-plan du menu principal différent de l’habitude","You’ll find the main menu background different from usual"

phrase_1770115954,"جاري التّحميل","Chargement en cours","Loading"
phrase_1770205552,"سنوات","années","years"
phrase_1770205837,"تحميل","Télécharger","Download"
phrase_1770205892,"هيا بنا!","Allons-y!","Let's go!"
phrase_1770206059,"حذف","Supprimer","Delete"
phrase_1770364727,"ألعاب","Jeux","Games"

musical_intelligence_47291,"الذكاء الموسيقي","Intelligence musicale","Musical intelligence"
spatial_intelligence_61538,"الذكاء المكاني","Intelligence spatiale","Spatial intelligence"
bodily_kinesthetic_intelligence_83924,"الذكاء الحركي","Intelligence kinesthésique","Bodily-kinesthetic intelligence"
naturalistic_intelligence_29475,"الذكاء الطبيعي","Intelligence naturaliste","Naturalistic intelligence"
social_intelligence_56183,"الذكاء الاجتماعي","Intelligence sociale","Social intelligence"
linguistic_intelligence_70842,"الذكاء اللغوي","Intelligence linguistique","Linguistic intelligence"
logical_mathematical_intelligence_93651,"الذكاء المنطقي الرياضي","Intelligence logico-mathématique","Logical-mathematical intelligence"
intrapersonal_intelligence_18467,"الذكاء الذّاتي","Intelligence intrapersonnelle","Intrapersonal intelligence"
multiple_intelligences_65029,"الذكائات المتنوّعة","Intelligences multiples","Multiple intelligences"

ferid_among_civilizations_72841,"فريد بين الحضارات","Ferid à travers les civilisations","Ferid among civilizations"
islamic_stories_53928,"قصص إسلاميّة","Histoires islamiques","Islamic stories"
ferid_tales_61475,"حكايات فريد","Contes de Ferid","Ferid tales"


phrase_1773132203,"وَصَل فَهْدٌ إلَى اُلْوَرْشَة وَفِي حَوْزَتِه كُلّ اُلْمُعِدَّاتِ الَّتِي يَحْتَاجُهَا . وَفِي انْتِظَار الْتِحَاق فَرِيد بِه ، ذَهَب لِيَبْحَثَ عَنْ مُدَوَّنَتِه ، فَهِي تَحْتَوِي عَلَى كَلِمَةِ آلسِّرّ الَّتِي سَيَسْتَعْمِلُهَا فِي فَتْحِ خَزْنَتِهِ اَلْخَاصَّةِ . ","Fahd est arrivé à l'atelier avec tout l'équipement dont il avait besoin en sa possession. En attendant que Ferid le rejoigne, il est allé chercher son carnet, qui contenait le mot secret qu'il utiliserait pour ouvrir son trésor privé.","Fahd arrived at the workshop with all the equipment he needed in his possession. While waiting for Ferid to join him, he went to look for his notebook, which contained the secret word he would use to open his private treasury."
phrase_1773132208,"فَفَهْدٌ ، وَإِنْ كَانَ كَثِيرَ الْحَرَكَةِ وَالنَّشَاط ، دائماً مَا يُدَوَّنُ الأرْقَام آلسِّرِّيَّة لِأَوْقَات الشِّدَّةِ كَمَا هُوَ الْحَالُ الْيَوْمَ ، فَهُو يَحْتَاجُ إِلَى فَتْحِ الْخَزَنَة لِلِإِطِّلَاعِ عَلَى الْكَمِّيَّات آللَّازِمَةِ مِنْ كُلِّ مُكَوِّنٍ لِصُنْع الْمِفْتَاح لِفَرِيد . فَقِطَعُ الْمَرَكَبَة فَرِيدَةٌ مِنْ نَوْعِهَا وَصُنْعَهَا يَتَطَلَّبُ الْعَوْدَةِ إلَى آلدَّلِيل لِضَمَانِ آلتَّطَابُق مَع الْمُحَرِّك . ","Alors Fahd, bien qu'il soit très actif et dynamique, enregistre toujours les numéros secrets pour les périodes de difficulté, comme c'est le cas aujourd'hui, il a donc besoin d'ouvrir le trésor pour découvrir les quantités requises de chaque composant pour fabriquer la clé pour Ferid. Les pièces du véhicule sont uniques en leur type et leur fabrication, ce qui nécessite un retour au guide pour assurer la compatibilité avec le moteur.","So Fahd, although very active and dynamic, always records the secret numbers for times of hardship, as is the case today, so he needs to open the treasury to find out the required quantities of each component to make the key for Ferid. The parts of the vehicle are unique in their type and manufacture, requiring a return to the guide to ensure compatibility with the engine."
phrase_1773132214,"الْتَحَق فَرِيدٌ بِفَهْدٍ فَوَجَدَهُ مُتَوَتِّرًا وَ مُشَتَّتَ الذِّهْنِ  ، وَقَدْ قَيَّدَ اَلْخَوْف أقْدامه وعَطَّلَ حَرَكَته فَسَأَلَهُ مُسْتَغْرِبَاً : ' مَا الَّذِي حَدَثَ ؟ مَا لِي أَرَاكَ هَكَذَاَ ؟ '","Ferid a rejoint Fahd et l'a trouvé nerveux et distrait, car la peur avait lié ses pieds et paralysé son mouvement, il lui a donc demandé avec étonnement : 'Qu'est-ce qui s'est passé ? Pourquoi te vois-je comme ça ?'","Ferid joined Fahd and found him nervous and distracted, as fear had tied his feet and paralyzed his movement, so he asked him in astonishment: 'What happened? Why do I see you like this?'"
phrase_1773132226,"تَفاجَأ فَرِيد مِمَّا سَمِع فَرَبَتَ عَلَى كَتِفِ فَهْد وَقَالَ أنه لَم يَعْهَدُهُ هَكَذَا ,  يَضْرِب كَفاً بكفٍ وَيَسْتَسْلِمُ ِعِنْدَ أَوَّلِ عَقَبَةٍ ,  فَدَعَاهُ  للبَحْثِ  عَنْ الْمُدَوَّنَةِ مَعًا .","Ferid fut surpris de ce qu'il entendit, il tapa donc sur l'épaule de Fahd et dit qu'il ne l'avait jamais vu comme ça, frappant son poing et se rendant au premier obstacle, il l'invita donc à rechercher le matériel enregistré ensemble.","Ferid was surprised at what he heard, so he tapped Fahd's shoulder and said that he had never seen him like this, hitting his fist and surrendering at the first obstacle, so he invited him to search for the recorded material together."
phrase_1773132385,"شَجَّعَ فَرِيدٌ صًدِيقَهُ عَلَى إعَادَةِ الْبَحْث وَانْطَلَق كُلٍّ مِنْهُمَا يُبْحَثُ مِنْ جِهَتِهِ عَلَى أَمَلِ إيجَادِ الْمُدَوَّنَةِ .","Ferid encourage son ami à refaire la recherche et chacun d'eux partit pour chercher de son côté dans l'espoir de trouver le cahier.","Ferid encouraged his friend to redo the search and each of them went to search from his side in the hope of finding the notebook."
phrase_1773132414,"وَمَرَّتْ سَاعَاتٌ مِنَ الْبَحْث كَأَنَّهَا دَقَائِقٌ وفجأةً صَاحَ فَهْدٌ : 'لقد وَجَدْتهَا ! لَا أُصَدِّقُ إنَّنِي وَضَعْتُهَا هُنَا ! هَيَّا يَا فَرِيد لِنَفْتَحْ الْخَزْنَة و نَبْدَأ فِي صُنْعِ قِطْعَةِ الْمُحَرِّك ! '","Et les heures de recherche sont passées comme des minutes, et soudain Fahd s'est écrié : 'Je l'ai trouvé ! Je ne crois pas que je l'aie mise ici ! Allons, Ferid, ouvrons le magasin et commençons à fabriquer la pièce du moteur !'","And the hours of searching passed like minutes, and suddenly Fahd exclaimed: 'I found it! I don't believe I put it here! Come on, Ferid, let's open the store and start making the engine piece!'"
phrase_1773132435,"اِنْبَسَطَت أَسَارِير وَجْه فَرِيدٍ وَتَحَمَّسَ لِبَدْءِ الصُّنْع . و اِشْتَعَلَت نَظَرَاتُ عَيْنَيْه بِفَرْحَةٍ نَاطِقَةٍ عِنْدَمَا أَحَسَّ أَنَّهُ سَيَعُودُ إلَى الطَّرِيقِ قريباً وَيُكْمِل مُهِمَّتَه. مَا أَرْوَع لَحَظَاتِ الْفَرَحِ إنّها كَالْغَيْثِ النَّافِعِ تَنْزِلُ عَلَى الصَّحْرَاءِ وَأَعْمَاقِهَا الْعَطْشَى  فتزهر كُلّ مِسَاحَاتِهَا","Les sourires d'un visage unique se sont élargis et sont devenus enthousiastes à l'idée de commencer le travail. Ses vues de l'œil se sont enflammées d'une joie éloquente lorsqu'il a senti qu'il allait bientôt retourner sur la route et compléter sa tâche. Quelles moments de joie sont awesomes, ils sont comme la pluie bénéfique tombant sur le désert et ses profondeurs assoiffées, donc toutes ses zones fleurissent.","The smiles of a unique face widened and became enthusiastic about starting work. His eye views ignited with eloquent joy when he felt that he would soon return to the road and complete his task. How awesome are the moments of joy, they are like beneficial rain falling on the desert and its thirsty depths, so all its areas bloom."
phrase_1773132492,"الصّفحة","Page","Page"
phrase_1775119392,"حكايات","Histoires","Stories"
main_page_phrase_1773132492,"الصفحة الرئيسية","Page principale","Main Page"

phrase_1776346134,"خروج","Sortie","Exit"
phrase_1776351069,"التصنيف","Classification","Classification"
phrase_1776351110,"نقاط الخبرة","Points d'expérience","Points of Experience"
phrase_1776351114,"إحصائيات الّلاعب","Statistiques du joueur","Player statistics"
phrase_1776351115,"أفضل نتيجة","Meilleur résultat","Best result"
phrase_1776351135,"جار التّحميل","Chargement","Loading"
phrase_1776351224,"المؤثرات الصوتية","Effets sonores","Sound effects"
phrase_1776351226,"الموسيقى","Musique","Music"
phrase_1776351229,"المستوى","Niveau","Level"
phrase_1776351234,"تهانينا! لقد وصلت إلى مستوى جديد","Félicitations,vous avez atteint un nouveau niveau","Congratulations,you've reached a new level"
phrase_1776355947,"أبحَثُ عَنْ هذَا العُنصر","cherchez cet élément","Look for this element"
phrase_1776356967,"إعادة","ReJouer","Restart"
phrase_1776356971,"حاول مجدداً","Essayez à nouveau","Try again"
phrase_1776357061,"لقد أنهيت المستوى","Vous avez terminé le niveau","You have finished the level"
phrase_1776357144,"النّتيجة","Résultat","Result"
phrase_1776357182,"تهانينا! لقد فتحت الوضع اّلانهائي","Félicitations,vous avez débloqué le mode infini","Congratulations,you've unlocked the infinite mode"
phrase_1776357198,"الوضع اللانهائي","Mode infinie","Infinite Mode"
phrase_1776357242,"إكمال مغامرة","Compléter l'aventure","Complete the adventure"
phrase_1776357431,"المستوى التالي","Niveau suivant","Next level"
phrase_1776357434,"مؤثرات صوتية","Effets sonores","Sound effects"
phrase_1776357437,"المؤثرات الموسيقية","Effets musicaux","Musical effects"


phrase_58291374620,"ألمنيوم","Aluminium","Aluminum"
phrase_94720583641,"ألماس","Diamant","Diamond"
phrase_19374652085,"أوبال","Opale","Opal"
phrase_66592017438,"بلاتين","Platine","Platinum"
phrase_82017463952,"تنغستن","Tungstène","Tungsten"
phrase_37492056148,"توباز","Topaze","Topaz"
phrase_91827364520,"راديوم","Radium","Radium"
phrase_72635481902,"رصاص","Plomb","Lead"
phrase_56473829150,"منغنيز","Manganèse","Manganese"
phrase_83726194075,"بالاديوم","Palladium","Palladium"
phrase_10928374615,"بلاتينيوم","Platine","Platinum"
phrase_67281930465,"فاناديوم","Vanadium","Vanadium"
phrase_91820473651,"كروم","Chrome","Chromium"
phrase_48291037645,"كوبالت","Cobalt","Cobalt"
phrase_75019283674,"موليبدينوم","Molybdène","Molybdenum"
phrase_56192048367,"نيكل","Nickel","Nickel"
phrase_84920173654,"يورانيوم","Uranium","Uranium"
phrase_39018274655,"مغنيسيوم","Magnésium","Magnesium"
phrase_10293847566,"حديد","Fer","Iron"
phrase_65748392011,"ذهب","Or","Gold"
phrase_48392017564,"زمرد","Émeraude","Emerald"
phrase_92038475610,"زئبق","Mercure","Mercury"
phrase_56473820198,"زنك","Zinc","Zinc"
phrase_83720194652,"فضة","Argent","Silver"
phrase_19283746509,"نحاس","Cuivre","Copper"
phrase_91827364012,"ياقوت","Rubis","Ruby"

phrase_71590238461,"إنطلق!","Aller!","Go!"
phrase_1776857406,"إحفظ المقطوعة","Mémorisez la séquence","Memorize the sequence"
phrase_1776857413,"أعد تكرار المقطوعة","Répéter le verset","Repeat the verse"
phrase_1776857417,"واصل أحسنت!","Très bien!","Well done!"
phrase_1776857446,"الوضع الحر","Mode libre","Free mode"
phrase_1778235123,"الانجليزية","Anglais","English"
phrase_1778235135,"الفرنسية","Français","French"
phrase_1778235141,"العربية","Arabe","Arabic"
phrase_1778235144,"اللغة","Langue","Language"
phrase_1778235367,"إختر لغة التطبيق","Choisissez la langue de l'application","Choose application language"

phrase_70052511112,"مع فريد","Avec Ferid","With Ferid"
phrase_21454125478,"مع ياسين","Avec Yassine","With Yassine"
phrase_73333554475,"إفتراضي","Par défaut","Default"
phrase_1778586440,"مَرْحَبًا ! إِسْمي فَريد . سَأَقُومُ بِإِرْشادِكَ لِاسْتِخْدَامِ التَّطْبيقَةِ .","Bonjour ! Je m'appelle Ferid. Je vais vous guider pour utiliser l'application.","Hello! My name is Ferid. I will guide you to use the application."
phrase_1778586444,"اِستمر","Continuer","Continue"
phrase_1778586473,"هُنَا يُمْكِنُكَ تَغْييرُ إعْدَادَاتِ التَّطْبيقَةِ . هَذِهِ الصَّفْحَةُ خاصَّةً >/color< بِبابا وَ مَامَا >color=red< لَا تَفْتَحُ مِنْ دُونِ إذِنِهِمَا.","Ici, vous pouvez modifier les paramètres de l'application. Cette page est réservée à Papa et Mama, elle ne s'ouvre pas sans leur autorisation.","Here you can change the application settings. This page is special for Papa and Mama, it does not open without their permission."
phrase_1778586489,"هَذَا مِلَفُّكَ الشَّخْصيُّ أَيْنَ يُمْكِنُكَ اَنْ تَجِدُ >/color< الجَوائِزَ >color=red< وَ >/color< المَوْسوعَةَ >color=green< الخاصَّةَ بِكَ بِالِاضَافَةِ إِلى >/color< مَفاتيحَ >color=yellow< وَ >/color< أَزْياءٌ >color=cyan< فَريدٍ .","Ceci est votre dossier personnel où vous pouvez trouver des récompenses et votre propre encyclopédie en plus de clés et d'objets uniques.","This is your personal file where you can find awards and your own encyclopedia in addition to unique keys and items."
phrase_1778586496,"إِضْغِطٌ عَلَى هَذَا اَلْزَرِّ لِلذَّهَابِ إِلَى صَفْحَةِ الأَلْعابِ .","Appuyez sur ce bouton pour aller à la page des jeux.","Press this button to go to the games page."
phrase_1778586525,"إِضْغِطٌ عَلَى هَذَا اَلْزَرِّ لِلذَّهَابِ إِلَى صَفْحَةِ فريد .Tv","Appuyez sur ce bouton pour aller à la page Ferid Tv","Press this button to go to Ferid Tv page"
phrase_1778586532,"إِضْغِطٌ عَلَى هَذَا اَلْزَرِّ لِلذَّهَابِ إِلَى صَفْحَةِ الخَرِيطَة","Appuyez sur ce bouton pour aller à la page de la carte","Press this button to go to the map page"
phrase_1778586538,"إِضْغِطٌ عَلَى هَذَا اَلْزَرِّ لِلذَّهَابِ إِلَى صَفْحَةِ القِصَصْ.","Appuyez sur ce bouton pour aller à la page des histoires.","Press this button to go to the stories page."
phrase_1778586543,"إِضْغِطٌ عَلَى هَذَا اَلْزَرِّ لِلذَّهَابِ إِلَى صَفْحَةِ المَجَلّاتْ.","Appuyez sur ce bouton pour aller à la page des magazines.","Press this button to go to the magazines page."
phrase_1778594159,"اختر صف طفلك ","Choisissez la classe de votre enfant","Choose your child's grade"
phrase_1778594281,"التّمهيدي","prématernelle","Pre-kindergarten"
phrase_1778594835,"التّحضيري","Maternelle","Kindergarten"
phrase_1778594847,"سنة أولى","Première année","First year"
phrase_1778594849,"سنة ثانية","Deuxième année","Second year"
phrase_1778594851,"سنة ثالثة","Troisième année","Third year"
phrase_1778594853,"سنة رابعة","Quatrième année","Fourth year"
phrase_1778594855,"سنة خامسة","Cinquième année","Fifth year"
phrase_1778594857,"سنة سادسة","Sixième année","Sixth year"
phrase_1778594864,"اختر المواضيع المفضّلة لطفلك","Choisissez les sujets préférés de votre enfant","Choose your child's favorite topics"
phrase_1778596242,"الإبداع","Créativité","Creativity"
phrase_1778661947,"ملفي الشخصي","Mon Profil","My Profile"
phrase_1778661981,"جوائزي","Mes récompenses","My awards"
phrase_1778662000,"موسوعتي","Ma encyclopédie","My encyclopedia"
phrase_1778662004,"مفاتيحي","Mes clés","My keys"
phrase_1778662489,"أَكْمَلْتُ المَرْحَلةَ الأُولى","Tu as terminé la première étape","You completed the first stage"
phrase_1778662499,"هَذَا مِلَفُّكَ الشَّخْصيُّ","Ceci est votre dossier personnel","This is your personal file"
phrase_1778662540,"إستمر","Continue","Continue"
phrase_1778662547,"هُنَا يُمْكِنُكَ أَنْ تَجِدَ مَوْسوعَتَكَ","Ici, vous pouvez trouver votre encyclopédie","Here you can find your encyclopedia"
phrase_1778662556,"هُنَا يُمْكِنُكَ أَنْ تَجِدَ جَوائِزَكَ","Ici, vous pouvez trouver vos récompenses","Here you can find your rewards"
phrase_1778662628,"هُنَا يُمْكِنُكَ أَنْ تَجِدَ مَفَاتِيحََ المَرْكَبَةِ","Ici, vous pouvez trouver les clés du véhicule","Here you can find the vehicle keys"
phrase_1778662684,"هَذَا فَضاءٌ فَريد أَيْنَ يُمْكِنُكَ أَنْ تَجِدَ مَلابِسَ فَريد","Ceci est un espace unique où vous pouvez trouver les vêtements de Ferid","This is a unique space where you can find Ferid's clothes"
phrase_1778665207,"اشترك الآن","Abonnez-vous","Subscribe"
phrase_1778665217,"هَذِهِ هِيَ الخَريطَةُ , فَلَنَذَهِبْ مَعًا فِي مُغامَرَةٍ رائِعَةٍ","Ceci est la carte, allons donc ensemble dans une aventure incroyable","This is the map, so let's go on an amazing adventure together"
phrase_1778665282,"اِستَمِرّ","Continue","Continue"
phrase_1778665294,"فَلْنَضغَطْ هُنَا لِنَبدأَ المَرْحَلَةَ الأولى","Appuyons ici pour commencer la première phase","Let's press here to start the first phase"
phrase_1778666991,"تفاصيل إشتراكي","Mon abonnement","My subscription"
phrase_1778666994,"المساعدة","Aide","Help"
phrase_1778667001,"الملف الشخصي للعائلة ","Profil de la famille","Family Profile"
phrase_1778667008,"إختر اللغة","Choisissez la langue","Choose Language"
phrase_1778667065,"كيف أستعمل التطبيقة","Comment utiliser l'application","How do I use the application"
phrase_1778667069,"ارسل لنا رأيك","Envoyez-nous votre avis","Send us your opinion"
phrase_1778667072,"اتصل بنا","Contactez-nous","Contact us"
phrase_1778667982,"معلومات ولي الأمر","Informations sur le parent/tuteur","Guardian/Parent Information"
phrase_1778667987,"اسم الوالدين","Nom des parents","Parents'name"
phrase_1778668005,"الإسم","Nom","Name"
phrase_1778668026,"تغيير الصّف","Changer la classe","Change grade"
phrase_1778668040,"تعديل","Modifier","Edit"
phrase_1778668043,"حفظ","Enregistrer","Save"
phrase_1778668073,"معلومات الطفل","Informations sur l'enfant","Child Information"
phrase_1778668078,"طلب حذف الحساب","Supprimer compte","Delete account"
phrase_1778668100,"أطفالك هم هدية من الله، يرجى الاعتناء بهم قدر استطاعتك.","Vos enfants sont un don de Dieu, veuillez prendre soin d'eux dans la mesure de vos moyens.","Your children are a gift from God, please take care of them to the best of your ability."
phrase_1778668104,"أرسل لنا رأيك","Envoyez-nous votre avis","Send us your opinion"
phrase_1778668136,"الرسالة","Le Message","The Message"
phrase_1778668139,"محتوى الرسالة","Contenu du message","Message content"
phrase_1778668272,"قيمنا على المتجر","Évaluez-nous sur le Store","Rate us on the store"
phrase_1778668275,"أرسل","Envoyer","Send"
phrase_1778668278,"إتصل بنا!","Contactez-nous !","Contact us!"
phrase_1778668402,"فريد حول العالم","Ferid autour du monde","Ferid around the world"
phrase_1778668410,"الفريق","L'équipe","The team"
phrase_1778668483,"فريد حول العالم التطبيق التعليمي العربي الأول من نوعه لتنمية مختلف الذكاءات لدى الأطفال تحت إشراف فريق من المتخصصين و الخبراء في التربية التعليم و التكنولوجيا","Ferid dans le monde entier, la première application éducative arabe de son genre pour développer les différentes intelligences chez les enfants, sous la supervision d'une équipe de spécialistes et d'experts en éducation, enseignement et technologie","Ferid around the world, the first Arabic educational application of its kind to develop different intelligences in children, under the supervision of a team of specialists and experts in education, teaching and technology"
phrase_1778668488,"المالك الحصري","Propriétaire Exclusif","Exclusive Owner"
phrase_1778668546,"الرئيس التنفيذي","Directeur général","Chief Executive Officer"
phrase_1778668563,"المدير التقني ","Directeur technique","Technical Director"
phrase_1778668567,"الفريق التقني","Équipe Technique","Technical Team"
phrase_1778668578,"مسؤول القسم البيداغوجي","Chef du département pédagogique","Head of the Pedagogical Department"
phrase_1778668600,"مختصّة في بيداغوجيّة الطّفل","Spécialisée en pédagogie de l'enfant","Specialized in child pedagogy"
phrase_1778668603,"الفريق البيداغوجي","Équipe pédagogique","Pedagogical team"
phrase_1778668665,"نحن حزينون جداً لرؤية أحد أصدقاء فريد يرحل 💔بحذف حسابك، ستفقد جميع تقدمك في الرحلات، الجوائز، الأصدقاء، والذكريات الجميلة التي قضيتها معنا","Nous sommes très tristes de voir l'un des amis de Ferid partir 💔 En supprimant votre compte, vous perdrez tout votre progrès dans les voyages, les récompenses, les amis et les beaux souvenirs que vous avez partagés avec nous","We're very sad to see one of Ferid's friends leave 💔 By deleting your account, you will lose all your progress in journeys, rewards, friends, and beautiful memories you've had with us"
phrase_1778668700,"سبب الحذف","Raison de la suppression","Reason for deletion"
phrase_1778668706,"أرسل الطّلب","Envoyer la demande","Send the request"
phrase_1778668719,"قد تفقد بعض تقدمك في الألعاب","Vous pouvez perdre une partie de vos progrès dans les jeux","You may lose some of your progress in games"
phrase_1778668721,"العودة","Retour","Return"

phrase_55127483920,"اسم الولي","Nom du parent","Parent Name"
phrase_55863104715,"جنس الولي","Sexe du parent","Parent Gender"
phrase_55390821647,"تاريخ ميلاد الولي","Date de naissance du parent","Parent Birth Date"
phrase_55742019836,"المعرّف","Identifiant","Identifier"
phrase_55186530492,"اسم الطفل","Nom de l'enfant","Child Name"
phrase_55927461803,"لقب الطفل","Prénom de l'enfant","Child Surname"
phrase_55418372965,"جنس الطفل","Sexe de l'enfant","Child Gender"
phrase_55674029184,"تاريخ ميلاد الطفل","Date de naissance de l'enfant","Child Birth Date"
phrase_55231948706,"صف الطّفل","Classe de l'enfant","Child Grade"
phrase_55890214537,"الرجاء إدراج رسالة","Veuillez saisir un message","Please enter a message"
phrase_55367102849,"لقد تجاوزت عدد الرّسائل المتاحة","Vous avez dépassé le nombre de messages autorisés","You have exceeded the allowed number of messages"
phrase_55715843902,"لقد تم إرسال الرسالة بنجاح","Le message a été envoyé avec succès","Message sent successfully"
phrase_55482619073,"لقد تم إرسال طلب حذف الحساب بنجاح سيقوم الفريق بحذفه خلال الأيام القادمة","La demande de suppression du compte a été envoyée avec succès. L'équipe supprimera le compte dans les prochains jours.","Account deletion request sent successfully. The team will delete the account in the coming days."
phrase_1778681360,"اختر لعبتك المفضّلة","Choisissez votre jeu préféré","Choose your favorite game"
phrase_1778681364,"بدون لعبة","Sans jeu","Without a game"
phrase_1778681426,"المقطع التوضيحي ","Vidéo tutoriel","Tutorial video"
phrase_1778682622,"النهاية","La Fin","The End"
phrase_1778682630,"الصّفحة الرّئيسيّة","Page d'accueil","Home page"
phrase_1778682714,"أقرأ القصّة مجدّدا","Lis à nouveau l'histoire","Read the story again"
internet_connection_check_48291,"تأكد من إتصالك بالأنترنت","Vérifiez votre connexion Internet","Check your internet connection"
unknown_download_error_73952,"خطأ غير معروف أثناء تنزيل المحتوى","Erreur inconnue lors du téléchargement du contenu","Unknown error while downloading content"
download_completed_can_play_now_18463,"تم التحميل يمكنك التشغيل الآن","Téléchargement terminé, vous pouvez jouer maintenant","Download completed, you can play now"

story_000210_phrase_5829104821,"إنِّي أَعشَقُ الاِسْتِلْقَاءَ فِي الْحَدِيقَةِ وَ الِاسْتِمَاعَ إِلَى أَصْوَاتِ الطّبِيعَةِ وَ الْكَوْنِ.","ahhh, j'adore m'allonger dans le jardin et écouter les sons de la nature et de l'univers.","ahhh, I love lying in the garden and listening to the sounds of nature and the universe."
story_000210_phrase_3940192847,"وَ فِي زِيَارِتِي لِلْكَوَاكِبِ مَعَ عَائِلَتِي , كُنْتُ أَهْوَى تِلْكَ الْأَنْغَامَ الَّتِي تَصْدِرُ مِنَ الْخَارِجِ","Lors de mes visites sur les planètes avec ma famille, j’ai toujours aimé ces mélodies qui venaient de l’extérieur.","During my visits to the planets with my family, I always loved those melodies that came from outside."
story_000210_phrase_8472910482,"أَشْعُرُ بِالسَّعَادَةِ الْغَامِرَةِ؛ لِأَنَّنِي أُخَصِّصُ وَقْتِي لِشَيْءٍ يَنْفَعُنِي، وَأُبْرِعُ فِيهِ، وَأَكُونُ مُبْدِعَةً، وَلَكِنْ لَا أُوَاصِلُ التَّمَيُّزَ فِي الْمُوسِيقَى إِلَّا بِالِاجْتِهَادِ وَالْعَمَلِ الْمُتَوَاصِلِ.","Je me sens très heureux ! Parce que je consacre mon temps à quelque chose qui m’est bénéfique et qui me permet d’exceller et d’être plus créatif, mais ce n’est que grâce à un travail acharné et constant que je peux continuer à maîtriser la musique.","I feel very happy ! Because I devote my time to something that benefits me , and allows me to excel and be more creative, but only through consistent hard work I can continue mastering the music."
story_000210_phrase_1049284738,"فَأَطْرَبُ لَهَا وَ أُلَحِّنُ مَعَهَا وَ مَا يَشْغَلُ بَالِي إِلَّا نَسَقُهَا الرَّائِعُ , فَهِي فِي كُلِّ مَكِانٍ وَ مَا عَلَيْنَا إِلَّا الْاِنْتِبَاهُ لَهَا","Ainsi, j’en fus enchanté, et je composai des mélodies avec elle, et rien n’occupait mon esprit si ce n’est sa merveilleuse harmonie ; car elle était partout, et tout ce que nous avions à faire était d’y prêter attention.","Thus, I was enchanted by it, and I composed melodies with it, and nothing occupied my mind except its wonderful harmony; for it was everywhere, and all we had to do was pay attention to it."
story_000210_phrase_9284710492,"لَا أَشْعُرُ بَأَيِّ مُتْعَةٍ كَشُعُورِي بِاِنْحِصَارِ تَرْكِيزِي عَلَى أَصْوَاتِ الْبُلْبُلِ وَ حَفِيفِ الْأَشْجَارِ كَأَنَّهَا آلَاتٌ مُوسِيقِيَّةٌ","Je ne trouve aucun plaisir comparable à celui de me perdre dans les sons des rossignols et le bruissement des arbres, comme s’ils étaient des instruments jouant une belle mélodie.","I find no pleasure quite like the feeling of losing myself in the sounds of nightingales and the rustling of trees, as though they were instruments playing a beautiful melody."
story_000210_phrase_4729104839,"إنَّنِي مُغْرَمَةٌ بِأَلْحَانِ الطَّبِيعَةِ وَ بَهْجَتِهَا لِدَرَجَةِ أَنِّي أُقَضِّي سَاعَاتٍ مُسْتَلْقِيَة فِيهَا وَ مُمْسِكةً عَصَا صَغِيرَةً أُرَاوِحُهَا كَقَائِد الْفَرِقِ الْمُوسِيقِيَّةِ","Je suis complètement enchanté par les mélodies de la nature et sa beauté joyeuse ; je peux passer des heures simplement allongé là, une petite brindille à la main, la bougeant comme un chef d’orchestre dirigeant une grande symphonie.","I am utterly enchanted by nature’s melodies and its joyful beauty; I can spend hours simply lying there, a small twig in my hand, moving it like a conductor leading a grand symphony."
story_000210_phrase_2948103948,"وَ بِمُرُورِ الْأَيَّامِ أَيْقَنْتُ أَنَّنِي أَرْغَبُ فِي تَعَلُّمِ الْمُوسِيقَى وَ الْأَلْحَانِ , فَطَلَبْتُ مِنْ وَالِدَيَّ أَنْ أَنْخَرِطَ فِي نَادِي الْمُوسِيقَى , فَكَانَتْ تِلْكَ بِدَايَةَ قِصَّتِي مَعَهَا","Au fil des jours, j’ai réalisé que je voulais apprendre la musique et les mélodies. J’ai donc demandé à mon père de me laisser rejoindre un club de musique. Ce fut le début de mon voyage avec elle.","As the days passed, I realized that I wanted to learn music and melodies. So I asked my father to let me join a music club. That was the beginning of my journey with it."
story_000210_phrase_7104928473,"شَجَّعَنِي مُعَلِّمِي عَلَى مُوَاصَلَةِ التَّعَلُّمِ وَ قَالَ أَنَّنِي مَوْهُوبَةٌ بِالْفِطْرَةِ , لَكِنَّنِي وَجَدْتُ صُعُوبَةً فِي قِرَاءَةِ النُّوتَاتَ , فَهِيَ تَتَطَلَّبُ الْكَثِيرَ مِنَ التَّرْكِيزِ وَ الصَّبْرِ وَ الحِفْظِ , فَوَاصَلْتُ الْعَمَلَ الْجَادَّ حْتَى تَمَكَّنْتُ مِنْهَا.","Mon professeur m'a encouragé à continuer à apprendre et m'a dit que j'étais naturellement doué, mais que j'avais du mal à lire les notes ; Cela demande beaucoup de concentration, de patience et de mémorisation, j'ai donc continué à travailler dur jusqu'à ce que je le maîtrise.","My teacher encouraged me to continue learning, and said that I was naturally gifted, but I found it difficult to read notes; It requires a lot of focus, patience, and memorization, so I continued to work hard until I mastered it."
story_000210_phrase_3849201948,"ظَلَلْتُ أَعْزِفُ عَلَى عَدِيدِ الْآلَاتِ الْمُوسِيقِيَّةِ  سَاعَاتٍ وَ سَاعَاتٍ , أَتَدَرَّبُ وَ أُتْقِنُ النُّوتَاتِ  وَ الْأَوْتَارَ , فَكَانَ الْمَنْزِلُ يَصْدَحُ بِأَلْحَانِ الْكَمَانِ وْ الصَّوْتِ الْعَذْبِ لِلْمَفَاتِيحِ الْعَاجِيَّةِ لِلْبْيَانُو , وَ طَبْعَا تَتَرَدَّدُ بَيْنَ جُدْرَانِهِ أَنْغَامُ آلَتِي الْمُفَضَّلَةُ ,  الْقِيثَارَةُ","J’aimais passer d’innombrables heures à jouer de différents instruments de musique, à m’entraîner et à maîtriser les notes et les cordes. La maison se remplissait des mélodies du violon, des doux sons qui s’échappaient des touches d’ivoire du piano et, bien sûr, des airs de mon instrument préféré, la guitare, qui résonnaient à travers ses murs.","I loved spending countless hours playing different musical instruments, practicing and mastering the notes and strings. The house would fill with the melodies of the violin and the sweet sounds flowing from the ivory piano keys, and of course, the tunes of my favorite instrument, the guitar, would echo through its walls."
story_000210_phrase_6294810394,"إِنَّنِي مُولَعَةٌ بِالْمُوسِيقَى لِدَرَجَةِ أَنَّنِي لَمْ أَعُدْ أُشَاهِدُ الرُّسُومَ الْمُتَحَرِّكَةَ  عَلَى التِّلْفَازِ فَقَطْ بَلْ أُشَاهِدُ الْحَفَلَاتَ الْمُوسِيقِيَّةَ الْعَالَمِيَّةَ وَ أَحْضَرُ فِي الْمَهْرَجَانَاتِ الْوَطَنِيّةِ أَتَعَلَّمُ مِنْهَا آلَاتٍ مُوسْيقْيَّةً جَدِيدَةً وَ مَقَاطِعَ إِبْدَاعِيَّةً رَائِعَةً . ","J'aime tellement la musique que je ne regarde plus seulement des dessins animés à la télévision, mais aussi des concerts de musique internationale. J'assiste à des festivals nationaux, j'apprends de nouveaux instruments de musique et de merveilleux clips créatifs.","I am so fond of music that I no longer only watch cartoons on television, but I also watch international music concerts. I attend national festivals, learn new musical instruments and wonderful creative clips from them."
story_000210_phrase_1049284711,"حَبِّي لِلْغِنَاءِ وَ الْأَلْحَانِ هُوَ النَّبْعُ الَّذِي أُتَرْجِمُ بِهِ مَشَاعِرِي وَمَا يَدُورُ بِخَاطِرِي وَ دَاخِلَ قَلْبِي ","Mon amour pour le chant et les mélodies est la source à travers laquelle je traduis mes sentiments et ce que j'ai en tête et dans mon cœur.","My love for singing and melodies is the source through which I translate my feelings and what is on my mind and inside my heart."

story_000420_phrase_2948104820,"اِلْتَفَتَ فَرِيدٌ حَوْلَهُ يَتَأَمَّلُ الْمَكَانَ , السَّاحَة ُتَعْبَقُ بِالطِّيبِ . وَ الْحَفْلُ بَهِيجٌ يَضُمُّ عَدَدًا كَبِيرًا مِنَ الْأَصْدِقَاءِ وَ الصَّدِيقَاتِ الَّذِين لَمْ يَرَهُمْ مِنْ أَيَّامِ الدِّرَاسَةِ فِي كَوْكَبِ الرُّوبَوتَاتِ.","Ferid regarda autour de lui, contemplant l’endroit. La place était imprégnée d’un parfum agréable, et la fête était joyeuse, réunissant un grand nombre d’amis et d’amies qu’il n’avait pas vus depuis ses années d’études sur la planète des robots.","Ferid looked around him, observing the place. The square was filled with a pleasant fragrance, and the celebration was joyful, bringing together a large number of friends, both male and female, whom he had not seen since his school days on the Planet of Robots."
story_000420_phrase_5839102948,"فَقَدْ  جَلَبُوا مَعَهُمْ هَدَايَا مُخْتَلِفَةَ الْأَحْجَامِ وَ الْأَلْوَانِ . وَ فِي لَمْحِ الْبَصَرِ  تَحَوَّلَ الْمَكَانُ إِلَى خَلِيَّةِ نَحْلٍ . هَؤُلَاء يَرْقُصُونَ بِخِفَّةٍ مُسْتَمْتِعِينَ بِأَلْحَانِ نَغَمٍ الْعَذْبَةِ وَ هَؤُلَاء يَتَبَادَلُونَ الطَّرَائِفَ وَ يَضْحَكُونَ ..","Ils ont apporté avec eux des cadeaux de différentes tailles et couleurs, et en un clin d'œil l'endroit s'est transformé en ruche, les gens dansaient. Avec légèreté, appréciant les douces mélodies de Nagham, ils échangèrent des anecdotes et rirent.","They brought with them gifts of different sizes and colors, and in the blink of an eye the place turned into a beehive, people dancing. Lightly, enjoying Nagham's sweet melodies, they exchanged anecdotes and laughed."
story_000420_phrase_1049284756,"لَكِنْ لَمْ يَهْدَأْ بَاسِمُ إِلَّا بِالْإتِّصَالِ بِحَيَاءٍ , فَحَاوَلُوا مِرَارًا وَ تِكْرَارًا دُونَ جَدْوَى.","Mais Basim ne s’est calmé qu’après avoir réussi à contacter Haya. Il a essayé encore et encore, mais sans résultat.","But Basim did not calm down until he managed to contact Haya. He tried again and again, but without success."
story_000420_phrase_8374910294,"وَ فَجْأَةً وَصَلَتْ رِسَالَةُ اِسْتِغَاثَةٍ مِنْ حَيَاء هَزَّتْ أَنَامِلَ الصَّدِيقَيْنِ : النَّجْدَة! النجدة! يَا رِفَاقِي سَاعِدُونِي لَقَدْ أُصِبْت …","Soudain, un message de détresse arriva de Haya, faisant trembler les doigts des deux amis : << Au secours ! Au secours, mes amis ! Aidez-moi, j’ai été blessée. >>","Suddenly, a distress message arrived from Haya, shaking the fingers of the two friends: << Help! Help, my friends! Save me, I have been injured.>>"
story_000420_phrase_4728103948,"ذُعِرَ الصَّدِيقَانِ ذُعْرًا شَدِيدًا فَقَدْ انْقَطَعَ الإتِّصَالُ وَ حَيَاءُ لَمْ يُحَدَّدْ مَكَانُهَا بَعْدُ وَبَيْنَمَا كَانَ فَرِيدٌ يُحَاوِلُ الإتِّصَالَ بِهَا تَوَجَّهَ بِاسِمُ إِلَى الْمَجْمُوعَةِ وَ طَلَبَ مِنْهُمْ الْمُسَاعَدَةَ وَ فِي الإِبَّانِ كَانَتْ الْحَرْكَةُ عَلَى قَدَمٍ وَ سَاقٍ وَ لَمْ يَتَرَدَّدْ أَحَدٌ فِي الْبَحْثِ عَنْهَا , فَهُمْ يُحِبُّونَهَا حُبًّا جَمًّا وَ هِيَ بِالنِّسْبَةِ لَهُمْ فَرْدٌ مِنَ الْعَائِلَةِ .","Les deux amis furent pris d’une grande panique, car la communication avait été coupée et l’endroit où se trouvait Haya n’avait pas encore été déterminé. Alors que Ferid essayait de la contacter, Basim se dirigea vers le groupe et leur demanda de l’aide. Aussitôt, tout le monde se mit en mouvement, et personne n’hésita à partir à sa recherche. Ils l’aimaient énormément, et pour eux, elle était un membre de la famille.","The two friends were extremely terrified, for the connection had been cut off and Haya’s location had still not been determined. While Ferid was trying to contact her, Basim went to the group and asked them for help. Immediately, everyone sprang into action, and no one hesitated to search for her. They loved her deeply, and to them, she was a member of the family."
story_000420_phrase_9284710482,"سَارَعَ سَدِيمُ إِلَى الْبَحْثِ فِي سِجِلَّاتِ الرَّحَلاَتِ , أَمَّا فَهْدُ فَقَدْ اِهْتَمَّ بِالْمُعِدَّاتِ اللَّازِمَةِ . فَهَاهِي نَغَمُ تَسْتَعِينُ بِصَدِيقِهَا الَّذِي يَتَكَلَّمُ كُلَّ اللُّغَاتِ لِتَتَّصِلَ بِجَميعِ الْكَوَاكِبِ فِي الْمَجَرَّةِ ,","Sadeem se précipita pour rechercher dans les registres des voyages, tandis que Fahd s’occupa du matériel nécessaire. Pendant ce temps, Nagham faisait appel à son ami qui parle toutes les langues afin de pouvoir contacter toutes les planètes de la galaxie.","Sadeem hurried to search through the travel records, while Fahd took care of the necessary equipment. Meanwhile, Nagham was seeking help from her friend, who speaks all languages, so that she could contact all the planets in the galaxy."
story_000420_phrase_3849102947,"فَتَرَى الْمَجْمُوعَةِ قَدْ قَسَّمُوا الْأَعْمَالَ وَ كُلٌّ قَامَ بِمُهِمَّتِهِ: فَهَذِهِ تَقُومُ بِإِعْدَادِ اللَّوَازِمِ مِنْ حَقِيبَةِ الإِسْعَافَاتِ الْأَوَّلِيَّةِ وهَذَا تَفَقُّدِ وَضْعِيَّةِ الْمَرْكَبَةِ لِلسَّفَرِ , أَمَّا بَاسِمُ فَقَدْ تَكَفَّلَ بِالتَّنْسِيقِ بَيْنَ كُلِّ هَذِهِ الْعَمَلِيَّاتِ وَجَمْعِ الْمَعْلُومَاتِ مِنْ جَمِيعِ الْأَطْرَافِ حَتَّى يُحَاوِلَ إِيجَادَ خَيْطٍ دَالٍّ عَلَى مَكَانِ حَيَاءٍ ","Le groupe se répartit rapidement les tâches, et chacun accomplit sa mission. L’une d’elles prépara le matériel nécessaire provenant de la trousse de premiers secours, un autre vérifia l’état du vaisseau pour le voyage, tandis que Basim se chargea de coordonner toutes ces opérations et de recueillir les informations auprès de toutes les parties afin d’essayer de trouver une piste indiquant l’emplacement de Haya.","The group quickly divided the tasks, and each person carried out his mission. One of them prepared the necessary supplies from the first-aid kit, another checked the condition of the spacecraft for the journey, while Basim took charge of coordinating all these operations and gathering information from all sides in order to try to find a clue leading to Haya’s location."
story_000420_phrase_5729104839,"وَ فَجْأَةً , رَنَّتْ اللَّوْحَةُ  الإِلِكْترُونِيَّةُ لَتَدُلَّ عَلَى أَنَّهَا وَجَدَتْ حَيَاءً","Soudain, le panneau électronique sonna pour indiquer qu’il avait trouvé Haya.","Suddenly, the electronic panel rang, indicating that it had found Haya."
story_000420_phrase_1049284729,"بَثَّ الْخَبَرُ أَرِيجَ الْفَرَحِ بَيْنَ كُلِّ الْحَاضِرِينَ وَ هَمُّوا إِلَى إِحْضَارِ الْمُصَابَةِ وَ فِي طَرِيقِهِمْ إِلَى هُنَاكَ . هَتَفَ بَاسِمُ قَائِلًا : لَوْ لَمْ نَتَعَاوَنْ وَ نَتَشَارَكْ فِي الْبَحْثِ عَنْ عَزِيزَتِنَا الْغَالِيَةِ مَا لَمْ نَكُنْ لِنَتَمَكَّنَ مِنْ إِيجَادِهَا , هَذَا دَرْسٌ مُهِمٌّ لَنَا وَ لِكُلِّ الْأَصْدِقَاءِ. ","La nouvelle répandit une grande joie parmi toutes les personnes présentes, et ils se précipitèrent pour ramener la blessée. En chemin, Basim s’écria : << Si nous n’avions pas coopéré et uni nos efforts pour rechercher notre chère amie, nous n’aurions pas pu la retrouver. C’est une leçon importante pour nous et pour tous les amis. >>","The news spread waves of joy among all those present, and they hurried to bring the injured girl back. On their way there, Basim shouted, saying: << If we had not cooperated and worked together to search for our dear beloved friend, we would not have been able to find her.This is an important lesson for us and for all friends. >>"


story_palestine_phrase_1847294018,"اِعْتَادَ الْفَتَى الشَّهْمُ أَحْمَدُ مَعَ صَدِيقِهِ فَرِيدٍ الِاتِّصَالَ بِأَصْدِقَائِهِمَا مِنْ مُخْتَلِفِ الْبُلْدَانِ الْعَرَبِيَّةِ ، فَهُمَا يَعِيشَانِ فِي قَرْيَةٍ صَغِيرَةٍ بِتُونِس ، لَكِنَّ مَوَاقِعَ التَّوَاصُلِ الِاجْتِمَاعِيِّ وَالانْتَرْنَات جَعَلَتْهُمَا يَتَمَيَّزَانِ بِابْتِسَامَةٍ مُشْرِقَةٍ وَجِسْمٍ نَشِطٍ يَعْكِسُ حُبَّهُمَا لِاكْتِشَافِ كُلِّ شِبْرٍ مِنْ الْأَرْضِ . . كَانَ لَدَيْهِمَا صَدِيقٌ فِلَسْطِينِيٌّ يُدْعَى مُحَمَّد ، كَانَتْ صَدَاقَتُهُمْ عَمِيقَةً وَصَادِقَةً . فَكَانُوا يَتَشَارَكُونَ الْأَفْرَاحَ وَالْأَحْزَانَ .","Le courageux jeune garçon Ahmed et son ami Ferid avaient l’habitude de rester en contact avec leurs amis de différents pays arabes. Ils vivaient dans un petit village en Tunisie, mais les réseaux sociaux et Internet les avaient rapprochés. Ils se distinguaient par leur sourire rayonnant et leur énergie, qui reflétaient leur amour pour la découverte de chaque recoin de la Terre...Ils avaient un ami palestinien nommé Muhammad. Leur amitié était profonde et sincère, et ils partageaient aussi bien les joies que les peines.","The brave young boy Ahmed and his friend Ferid were accustomed to staying in touch with their friends from different Arab countries. They lived in a small village in Tunisia, but social media and the internet had brought them closer together. They were known for their bright smiles and energetic spirits, reflecting their love of exploring every corner of the Earth...They had a Palestinian friend named Muhammad. Their friendship was deep and sincere, and they shared both joys and sorrows."
story_palestine_phrase_4728193048,"تَحَوَّلُ الْحُزْنُ وَالْأَلَمُ إِلَى فَرْحَةٍ لَا تُوصَفُ، وَدُمُوعُ الْبَهْجَةِ تَتَسَاقَطُ مِنْ الْعُيُونِ، فَالتَّحَرُّرُ الْمُنْتَظَرُ لِزَهْرَةِ الْمَدَائِنِ هُوَ  تَحْقِيقٌ لِحُلُمٍ عُمُرُهُ أَكْثَرَ مِنْ ثَمَانِيَةِ عُقُودٍ . . . دَخَلَ الْمُسْلِمُونَ الْمَسْجِدَ الْأَقْصَى وَمَسْجِدَ قُبَّةِ الصَّخْرَةِ سَاجِدِينَ شُكْرًا لِلَّهِ عَلَى رَحْمَتِهِ الْوَاسِعَة. إِنَّهَا اللَّحْظَةُ التَّارِيخِيَّةُ الَّتِي سَتَبْقَى خَالِدَةَ الذِّكْرِ.","La tristesse et la douleur se transforment en joie indescriptible et des larmes de joie coulent des yeux. La libération tant attendue de Zahrat al-Madain est une réussite. Pour un rêve vieux de plus de huit décennies. . . Les musulmans sont entrés dans la mosquée Al-Aqsa et dans la mosquée du Dôme du Rocher, se prosternant en signe de gratitude envers Dieu pour sa grande miséricorde. C’est un moment historique qui restera à jamais gravé dans les mémoires.","Sadness and pain turn into indescribable joy, and tears of joy fall from the eyes. The awaited liberation of Zahrat al-Madain is an achievement. For a dream that is more than eight decades old. . . The Muslims entered Al-Aqsa Mosque and the Dome of the Rock Mosque, prostrating in gratitude to God for His vast mercy. It is a historical moment that will remain forever remembered."
story_palestine_phrase_9384710293,"فِي  يَوْمٍ مِنْ الْأَيَّامِ ، وَصَلَتْ أَخْبَارٌ مُحْزِنَةٌ إِلَى أَحْمَدَ عَنْ بَلَدِهِ الثَّانِي ، فِلَسْطِين . فَقَدْ اِشْتَدَّ الْعُدْوَانُ عَلَى قِطَاعِ غَزَّةَ مِنْ الْمُحْتَلِّ الصُّهْيُونِيِّ ، وَتَحَوَّلَتْ الْأَحْلَامُ إِلَى كَوَابِيسَ مُرْعِبَةٍ بِالنِّسْبَةِ لِمُحَمَّدٍ وَأَهْلِهِ . وَانْقَلَبَتْ وَسَائِلُ الْإِعْلَامِ الْعَالَمِيَّة وَقَنَوَاتُ الْأَخْبَارِ ذُعْرًا مِمَّا سَبَّبَهُ الْكِيَانُ الْمُحْتَلُّ مِنْ دَمَارٍ لِلْقِطَاعِ الْفِلَسْطِينِيِّ وَتَحْطِيمٍ وَقَصْفٍ مُتَوَاصِلٍ لِلْمَبَانِي الْمَدَنِيَّةِ وَالْمَنَازِلِ وَحَتَّى الْمُسْتَشْفَيَات وَالْمَسَاجِد وَالْكَنَائِس .","Un jour, Ahmed reçut de tristes nouvelles de sa deuxième patrie, la Palestine. L'offensive menée contre la bande de Gaza par l'occupation sioniste s'était intensifiée, et les rêves de Muhammad ainsi que ceux de sa famille s'étaient transformés en cauchemars terrifiants. Les médias et les chaînes d'information du monde entier furent horrifiés par les destructions causées dans la bande de Gaza, ainsi que par les bombardements continus qui frappaient les bâtiments civils, les habitations, les hôpitaux, les mosquées et les églises.","One day, sad news reached Ahmed about his second country, Palestine. The aggression against the Gaza Strip by the Zionist occupier intensified, and dreams turned into terrifying nightmares for Muhammad. And his family. The international media and news channels panicked at the devastation caused by the occupying entity to the Palestinian sector. And the continuous destruction and bombing of civilian buildings, homes, and even hospitals, mosques and churches."
story_palestine_phrase_2039481029,"اِنْقَطَعَتْ أَخْبَارُ مُحَمَّدٍ فَجْأَةً ! فَشَعَرَ فَرِيدٌ وَصَدِيقُهُ بِأَفْئِدَتِهِمَا تَنْزِفُ شَفَقَةً عَلَى مُعَانَاتِهِ وَمَأْسَاةِ أَطْفَالِ غَزَّةِ الْأَبْرِيَاءِ ، فَقَدْ أَغْلَقَ الْمُحْتَلُّ أَنَابِيبَ الْمِيَاهِ وَقَطَعَ أَسْلَاكَ الْكَهْرَبَاءِ وَمَنَعِ دُخُولَ الْمُسَاعَدَاتِ مِنْ أَدْوِيَةٍ وَمَأْكُولَاتٍ وَإِعَانَاتٍ لَهُمْ مِنْ كُلِّ الْجِهَاتِ . كَانَ الْوَضْعُ يَزْدَادُ سُوءًا كُلَّ يَوْمٍ . .","Soudain, les nouvelles de Muhammad cessèrent d'arriver ! Ferid et son ami sentirent leur cœur saigner de compassion devant sa souffrance et la tragédie des enfants innocents de Gaza. Les forces d'occupation avaient coupé l'approvisionnement en eau, sectionné les lignes électriques et empêché l'entrée de l'aide humanitaire, notamment les médicaments, la nourriture et les secours, en provenance de toutes les directions. La situation empirait de jour en jour...","Suddenly, all news from Muhammad stopped! Ferid and his friend felt their hearts bleed with compassion for his suffering and for the tragedy of the innocent children of Gaza. The occupying forces had shut off the water supply, cut the electricity lines, and prevented the entry of humanitarian aid, including medicine, food, and relief supplies, from all directions. The situation was growing worse with each passing day..."
story_palestine_phrase_6473829104,"قَرَّرَ فَرِيدٌ وَأَحْمَدُ أَنْ يَكُونَا جُزْءًا مِنْ الْحَلِّ . وَشَرْعَا بِالْبَحْثِ وَالْقِرَاءَةِ عَنْ الْوَضْعِ فِي فِلَسْطِينَ ، وَتَابَعَا الْأَخْبَارَ بِانْتِبَاهٍ شَدِيدٍ صَبَاحًا وَلَيْلاً . وَاتَّصَلَا بِمُنَظَّمَةِ الْهِلَالِ الْأَحْمَرِ ، وَبِكُلِّ صَدِيقٍ لَهُمَا يَحْمِلُ نَفَسَ النَّخْوَةِ الْعَرَبِيَّةِ فِي كَامِلِ الْبِلَادِ التُّونِسِيَّةِ . وَأَعْلَنُوا عَنْ حَمْلَةِ تَبَرُّعَاتٍ جَمَاعِيّة فِي قُرَاهُمْ ، ثُمَّ تَوَجَّهُوا نَحْوُ الْمُدُنِ الْكُبْرَى . فَمَرَّتْ الْأَيَّامُ بِالْجُهْدِ الْمُتَوَاصِلِ وَتَزَايُدِ تَجَاوُبِ النَّاسِ مَعَ نِدَاءِ الْعَطَاءِ.","Ferid et Ahmed ont décidé de faire partie de la solution. Ils ont commencé à faire des recherches et à lire sur la situation en Palestine et ont suivi l’actualité avec une grande attention matin et soir. Ils ont contacté l'Organisation du Croissant-Rouge et tous leurs amis qui portaient la même fierté arabe dans toute la Tunisie. Ils ont annoncé une campagne de dons collectifs dans leurs villages, puis se sont dirigés vers les grandes villes. Les jours se sont écoulés avec un effort continu et une réponse croissante des gens à l’appel à donner.","Ferid and Ahmed decided to be part of the solution. They began researching and reading about the situation in Palestine, and followed the news with great attention morning and night. They contacted the Red Crescent Organization, and every friend of theirs who carried the same Arab pride throughout Tunisia. They announced a collective donation campaign in their villages, then headed towards the major cities. The days passed with continuous effort and an increase in people’s response to the call to give."
story_palestine_phrase_1039485729,"بِقُلُوبٍ مَلِيئَةٍ بِالْعَزْمِ وَالْإِيمَانِ بِالْقَضِيَّةِ ، تَحَدَّى فَرِيدٌ وَأَحْمَدُ وَمَعَهُمْ وَفْدٌ مِنْ أَصْدِقَائِهِمْ كُلَّ مَا أَحْبَطَهُمْ، وَأَطْلَقُوا حَمْلَةَ مُقَاطَعَةٍ لِجَمِيعِ الْمُنْتَجَاتِ التِّجَارِيَّةِ الصُّهْيُونِيَّةِ مِنْ مَأْكُولَاتٍ وَمَشْرُوبَاتٍ وَمَحْرُوقَاتٍ لِلسَّيَّارَاتِ وَالشَّاحِنَاتِ ، حَتَّى الْقَنَوَاتُ وَالْمَوَاقِعُ الَّتِي تَدْعَمُهَا تَمَّتْ مُقَاطَعَتُهَا .","Le cœur plein de détermination et de foi en la cause, Ferid et Ahmed, accompagnés d'une délégation de leurs amis, ont défié tout ce qui les frustrait. Ils ont lancé une campagne pour boycotter tous les produits commerciaux sionistes, y compris la nourriture, les boissons et le carburant pour voitures et camions. Les chaînes et sites Internet qui les soutiennent ont été boycottés.","With hearts full of determination and faith in the cause, Ferid and Ahmed, along with a delegation of their friends, challenged everything that frustrated them. They launched a campaign to boycott all Zionist commercial products, including food, drinks, and fuel for cars and trucks. The channels and websites that support them have been boycotted."
story_palestine_phrase_5728193048,"كَانَتْ الشَّفَقَةُ تَتَجَلَّى فِي عُيُونِ النَّاسِ كُلَّمَا ذُكِرَتْ مَأْسَاةُ الْعَائِلَاتِ فِي غَزَّةَ ، وَكَانُوا يَسْتَمِعُونَ لِمَا يَقُولُهُ الْوَفْدُ التُّونِسِيُّ بِإِصْغَاءٍ تَامٍّ وَاقْتِنَاعِ مَلْؤُهُ الْأَلَمُ وَالذَّنْبُ. وَمَعَ كُلِّ خُطْوَةٍ تَقَدَّمَهَا الْوَفْدُ، تَعَزَّزَ عَزْمُهُمْ عَلَى تَقْدِيمِ يَدِ الْعَوْنِ وَجَمْعِ التَّبَرُّعَاتِ لِأَهْلِنَا فِي غَزَّة.","La compassion était évidente dans les yeux des gens chaque fois qu’on évoquait la tragédie des familles à Gaza, et ils écoutaient ce que disait la délégation tunisienne. Avec une écoute complète et une conviction remplie de douleur et de culpabilité. À chaque pas franchi par la délégation, sa détermination à donner un coup de main et à collecter des dons pour notre peuple à Gaza s'est renforcée.","Compassion was evident in people’s eyes whenever the tragedy of families in Gaza was mentioned, and they listened to what the Tunisian delegation was saying. With complete listening and conviction filled with pain and guilt. With every step taken by the delegation, their determination to provide a helping hand and collect donations for our people in Gaza was strengthened."
story_palestine_phrase_8472910482," اِنْتَشَرَتْ حَمْلَةَ الْمُقَاطَعَةِ فِي كُلِّ بُلْدَانِ الْعَالَمِ وَطَالَبَتْ كُلَّ الشُّعُوبِ الْعَالَمِيَّةِ بِإِيقَافِ الْعُدْوَانِ عَلَى قِطَاعِ غَزَّةَ وَخُرُوجِ الْمُحْتَلِّ الصُّهْيُونِيِّ مِنْ كَامِلِ الْأَرَاضِي الْفِلَسْطِينِيَّةِ ! فَتَرَى آلَافَ النَّاسِ في مَسِيرَاتٍ سِلْمِيَّةٍ  وَمَلَايِينَ الْمُحْتَجِّينَ يَرْفَعُونَ عَلَمَ زَهْرَةِ الْمَدَائِنَ وَيَهْتِفُونَ بِصَوْتٍ وَاحِدٍ >> اَلْحُرِّيَّة لِغَزَّة وَشَعْبِهَا ! >>","La campagne de boycott s'est étendue à tous les pays du monde et a exigé que tous les peuples du monde mettent fin à l'agression contre la bande de Gaza et quittent l'occupant. Sionistes de toutes les terres palestiniennes ! Vous voyez des milliers de personnes participer à des marches pacifiques et des millions de manifestants brandir le drapeau de la Rose de Médine et scander d’une seule voix << Liberté pour Gaza et ses habitants ! >>","The boycott campaign spread to all countries of the world and demanded that all peoples of the world stop the aggression against the Gaza Strip and leave the occupier. Zionists from all Palestinian lands! You see thousands of people in peaceful marches and millions of protesters raising the flag of the Rose of Medina and chanting with one voice, “Freedom for Gaza and its people!>>"
story_palestine_phrase_4829103948,"اِشْتَدَّ الضَّغْطُ عَلَى الْجَيْشِ الْمُحْتَلِّ ، وَتَنَاقَصَتْ مَوَارِدُهُ وَاسْتَقَالَ مِئَاتُ جُنُودُهِ خَوْفًا مِنْ الْعِقَابِ . . كَانَتْ أَيَّامًا مَوْعُودَةً وَحَدَثًا تَارِيخِيًّا يُحْفَرُ فِي وَاجِهَةِ كُتُبِ الْمُؤَرِّخِينَ ! وُجُوهَ النَّاسِ فِي الشَّوَارِعِ وَالسَّاحَاتِ وَكُلِّ الطُّرُقَاتِ تَشْتَعِلُ بِغَضَبٍ عَارِمٍ وَاسْتِيَاءٍ مِنْ الْجَرَائِمِ الصُّهْيُونِيَّةِ ! مُعْلِنِينَ عَنْ مَوْقِفِهِمْ ثَابِتِينَ لَا مُوَلِّينَ عَنْ شَعْبِنَا فِي غَزَّةَ .","La pression sur l’armée d’occupation s’est intensifiée, ses ressources ont diminué et des centaines de ses soldats ont démissionné par peur d’être punis. . On leur promettait des jours et un événement historique qui resteraient gravés sur les livres d’historiens ! Les visages des gens dans les rues, sur les places et sur toutes les routes brûlent d’une colère et d’un ressentiment écrasants contre les crimes sionistes ! Déclarant leur position ferme, sans s’écarter de notre peuple à Gaza.","The pressure on the occupying army intensified, its resources diminished, and hundreds of its soldiers resigned for fear of punishment. . They were promised days and a historical event that will be engraved on the face of historians’ books! People's faces in the streets, squares and all roads are burning with overwhelming anger and resentment against Zionist crimes! Declaring their steadfast position, not swaying from our people in Gaza."
story_palestine_phrase_1029384756,"شَعَرَ جُنُودُ الْمُحْتَلِّ الصُّهْيُونِيِّ بِالْهَزِيمَةِ وَالضُّعْفِ أَمَامَ الْأَعْدَادِ الْمَهُولَةِ الَّتِي مَا انْفَكَّتْ تَضْغَطُ بِاسْتِمْرَارٍ مُطَالِبَةً بِخُرُوجِهِمْ مِنْ الْأَرَاضِي المُقَدَّسَة! وَلَمْ يَكُنْ لِلْمُحْتَجِّينَ ذَرَّةُ خَوْفٍ فِي قُلُوبِهِمْ إِيمَانًا مِنْهُمْ بِالْقَضِيَّةِ الْفِلَسْطِينِيَّةِ. وَعَلَيْهِ، اِسْتَسْلَمَ الْكِيَانُ الْمُحْتَلُّ مُعْلِنًا خُرُوجُهُ مِنْ أَرَاضِينَا !","Les soldats de l’occupation sioniste se sentaient vaincus et faibles face au grand nombre qui ne cessait de se presser et d’exiger leur départ des Terres Saintes ! Les manifestants n’avaient pas la moindre peur dans leur cœur en raison de leur croyance dans la cause palestinienne. En conséquence, l’entité occupante s’est rendue, annonçant son départ de nos terres !","The soldiers of the Zionist occupation felt defeated and weak in the face of the huge numbers that kept constantly pressing, demanding their exit from the Holy Lands! The protesters did not have an ounce of fear in their hearts due to their belief in the Palestinian cause. Accordingly, the occupying entity surrendered, announcing its departure from our lands!"

story_Hafar_Ferid_phrase_8472910482,"كَانَ فَرِيدٌ الرُّوبُوتُ الذَّكِيُّ يُحَلِّقُ بِمَرْكَبَتِهِ فَوْقَ قَرْيَةٍ صَغِيرَةٍ.","Le robot intelligent Ferid survolait un petit village à bord de son vaisseau spatial.","The intelligent robot Ferid was flying his spacecraft over a small village."
story_Hafar_Ferid_phrase_5739201847,"فَجْأَةً، لَمَحَ جَمْعًا غَفِيرًا مِنَ النَّاسِ","Soudain, il aperçut une grande foule de personnes.","Suddenly, he spotted a large crowd of people."
story_Hafar_Ferid_phrase_2948103948,"تُرَى مَا الذِي جَعَلَهُمْ يَجْتَمِعُونَ فِي مَكَانٍ وَاحِدٍ؟","Qu'est-ce qui les a réunis tous au même endroit ?","What could have brought them all together in one place?"
story_Hafar_Ferid_phrase_1049284756,"نَزَلَ فَرِيدٌ بَيْنَهُمْ بِمَرْكَبَتِهِ الرَّمَادِيَّةِ وَأَلْقَى عَلَيْهِمْ التَّحِيَّةَ. وَبَعْدَ حِوَارٍ قَصِيرٍ، فَهِمَ فَرِيدُ النَّبِيهُ سِرَّ الاجْتِمَاعِ الكَبِيرِ.","Ferid atterrit parmi eux à bord de son vaisseau spatial gris et les salua. Après une courte conversation, le brillant Ferid comprit la raison de ce grand rassemblement.","Ferid landed among them in his gray spacecraft and greeted them. After a brief conversation, the clever Ferid understood the reason behind the large gathering."
story_Hafar_Ferid_phrase_8374910294,"لَقَدْ انْحَبَسَتْ الأَمْطَارُ عَنِ القَرْيَةِ، فَعَمَّ الجَفَافُ وَلَمْ تَعُدْ الأَرْضُ تُنْتِجُ حُبُوبًا وَلَا خُضَرًا وَلَا غِلَالًا، فَقَرَّرَ الآبَاءُ مُغَادَرَةَ القَرْيَةِ.","Les pluies avaient cessé de tomber sur le village, provoquant une grave sécheresse. La terre ne produisait plus ni céréales, ni légumes, ni récoltes. Les pères décidèrent donc de quitter le village.","The rains had stopped falling on the village, causing a severe drought. The land no longer produced grains, vegetables, or crops, so the fathers decided to leave the village."
story_Hafar_Ferid_phrase_4728103948,"قَالَ فَرِيدٌ مُسْتَنْكِرًا: هَلْ سَتَذْهَبُونَ لِلْعَمَلِ فِي المَدِينَةِ وَتَتْرُكُونَ النِّسَاءَ وَالأَطْفَالَ لِوَحْدِهِمْ؟","Ferid demanda avec étonnement : « Allez-vous partir travailler en ville en laissant les femmes et les enfants seuls ? »","Ferid asked in surprise, « Are you going to work in the city and leave the women and children behind on their own? »"
story_Hafar_Ferid_phrase_9284710482,"أَجَابَ أَحَدُهُمْ: مَا بِاليَدِ حِيلَةٌ. مِنْ أَيْنَ نُطْعِمُ أَهْلَنَا إِذَا لَمْ نَعْمَلْ؟ سَنَمُوتُ جُوعًا إِنْ بَقِينَا مَكْتُوفِي الأَيْدِي.","L'un d'eux répondit : « Nous n'avons pas d'autre choix. Comment nourrir nos familles si nous ne travaillons pas ? Nous mourrons de faim si nous restons les bras croisés. »","One of them replied, « We have no other choice. How can we feed our families if we do not work? We will starve if we remain idle. »"
story_Hafar_Ferid_phrase_3849102947,"فَكَّرَ فَرِيدٌ لِوَهْلَةٍ ثُمَّ قَالَ: مَا رَأْيُكُمْ لَوْ نَتَعَاوَنُ جَمِيعًا عَلَى حَفْرِ بِئْرٍ عَمِيقَةٍ، تَسْقِي مَزْرُوعَاتَكُمْ وَتَعُودُ بِالنَّفْعِ عَلَيْكُمْ وَعَلَى حَيَوَانَاتِكُمْ؟","Ferid réfléchit un instant puis dit : « Que diriez-vous de travailler tous ensemble pour creuser un puits profond qui irriguera vos cultures et profitera à vous ainsi qu'à vos animaux ? »","Ferid thought for a moment, then said, « What if we all work together to dig a deep well that will irrigate your crops and benefit both you and your animals? »"
story_Hafar_Ferid_phrase_5729104839,"اِسْتَحْسَنَ أَهْلُ القَرْيَةِ الفِكْرَةَ وَفِي الحَالِ، أَخْرَجَ فَرِيدٌ قِطَعَ المُعِدَّاتِ العَصْرِيَّةِ مِنْ مَرْكَبَتِهِ الفَرِيدَةِ وَتَعَاوَنَ مَعَ الأَهَالِي فِي صُنْعِ حَفَّارَةٍ.","Les habitants du village approuvèrent cette idée. Aussitôt, Ferid sortit de son remarquable vaisseau spatial des équipements modernes et travailla avec les villageois pour fabriquer une foreuse.","The villagers welcomed the idea. Immediately, Ferid took modern equipment out of his remarkable spacecraft and worked together with the villagers to build a drilling machine."
story_Hafar_Ferid_phrase_1049284729,"وَبَعْدَ ثَلَاثَةِ أَيَّامٍ مِنَ العَمَلِ الجَادِّ وَالمُتَوَاصِلِ، انْتَهَى فَرِيدٌ وَفَرِيقُهُ مِنَ الحَفْرِ، فَتَدَفَّقَتِ المِيَاهُ الغَزِيرَةُ وَارْتَوَتِ الأَرْضُ وَالمَزْرُوعَاتُ وَعَادَتِ الحَيَاةُ الرَّغِيدَةُ إِلَى القَرْيَةِ.","Après trois jours de travail acharné et ininterrompu, Ferid et son équipe achevèrent le creusement. Une eau abondante jaillit, la terre et les cultures furent irriguées, et la prospérité revint au village.","After three days of hard and continuous work, Ferid and his team completed the digging. Abundant water gushed forth, the land and crops were watered, and prosperity returned to the village."
story_Hafar_Ferid_phrase_9384729104,"بِفَضْلِ ذَكَاءِ فَرِيدٍ وَمُبَادَرَتِهِ لِفِعْلِ الخَيْرِ، عَدَلَ الآبَاءُ عَنْ مُغَادَرَةِ قَرْيَتِهِمْ وَتَمَسَّكُوا بِأَرْضِهِمْ، فَاطْمَأَنَّتِ النِّسَاءُ وَابْتَهَجَ الأَطْفَالُ، وَعَرَفُوا أَنَّ الإِنْسَانَ يَسْتَمِدُّ قُوَّتَهُ مِنْ تَشَبُّثِهِ بِأَرْضِهِ وَتَعَاوُنِهِ مَعَ أَهْلِهِ.","Grâce à l'intelligence de Ferid et à son initiative pour faire le bien, les pères renoncèrent à quitter leur village et restèrent attachés à leur terre. Les femmes furent rassurées, les enfants se réjouirent, et tous comprirent que la véritable force de l'être humain vient de son attachement à sa terre et de sa coopération avec les siens.","Thanks to Ferid's intelligence and his initiative to do good, the fathers abandoned the idea of leaving their village and remained devoted to their land. The women felt reassured, the children rejoiced, and everyone realized that a person's true strength comes from remaining attached to their land and working together with their community."

story_cartage_phrase_1847291048,"يُحِبُّ فَرِيدٌ دِرَاسَةَ التَّارِيخِ وَالْقِرَاءَةَ عَنْ الشَّخْصِيَّاتِ الأُسْطُورِيَّةِ وَالْمَعْرِفَةَ عَنْ الْحَضَارَاتِ وَالْإِمْبِرَاطُورِيَّاتِ الْقَدِيمَةِ، فَأَرَادَ أَنْ يَصْنَعَ آلَةً لِلسَّفَرِ عَبْرَ الزَّمَنِ يَغُوصُ بِهَا فِي أَعْمَاقِ التَّارِيخِ لِيَنْزَعَ السِّتَارَ عَنْ أَسْرَارِهِ وَأَعَاجِيبِهِ.","Ferid aimait étudier l'histoire, lire sur les personnages légendaires et découvrir les civilisations et les empires de l'Antiquité. Il décida donc de construire une machine à voyager dans le temps afin de plonger au cœur de l'histoire et d'en dévoiler les secrets et les merveilles.","Ferid loved studying history, reading about legendary figures, and learning about ancient civilizations and empires. So, he decided to build a time machine that would allow him to journey deep into history and uncover its secrets and wonders."
story_cartage_phrase_2739201847,"وَبَعْدَ أَيَّامٍ مُتَوَاصِلَةٍ وَكَثِيرٍ مِنْ الْجُهْدِ وَالْإِصْرَارِ، نَجَحَ فِي اخْتِرَاعِهِ الرَّائِعِ وَقَرَّرَ أَنْ يَنْتَقِلَ إِلَى الْمَاضِي الْبَعِيدِ فِي زَمَنِ الْإِمْبِرَاطُورِيَّةِ الْقَرْطَاجِيَّةِ، فَهُوَ مُولَعٌ بِالتَّارِيخِ التُّونِسِيِّ وَيُحِبُّ أَنْ يَعْرِفَ الْمَزِيدَ عَنْ تِلْكَ الْحَضَارَةِ.","Après plusieurs jours d'efforts continus et de persévérance, il réussit à mettre au point sa remarquable invention et décida de voyager jusqu'à l'époque de l'Empire carthaginois. Passionné par l'histoire de la Tunisie, il souhaitait en apprendre davantage sur cette grande civilisation.","After many days of continuous effort and determination, he successfully completed his remarkable invention and decided to travel back to the era of the Carthaginian Empire. He was passionate about Tunisian history and eager to learn more about that great civilization."
story_cartage_phrase_3948103948,"شَغَّلَ الرُّوبُوتُ الْعَبْقَرِيُّ الْآلَةَ، وَهُووُووبْ! اِنْتَقَلَ مِنْ مَكَانِهِ وَوَجَدَ نَفْسَهُ دَاخِلَ إِسْطَبْلٍ بَابُهُ مَفْتُوحٌ. فَمَا إِنْ خَرَجَ مِنْهُ ذُهِلَ مِمَّا رَآهُ مِنْ مِعْمَارٍ حَضَارِيٍّ فِي الْمَنَازِلِ وَالطُّرُقَاتِ وَالْأَحْيَاءِ السَّكَنِيَّةِ، وَخَاصَّةً الْحَوَانِيتِ التِّجَارِيَّةِ الَّتِي تُظْهِرُ إِتْقَانَ الْقَرْطَاجِيِّينَ لِحِرَفِهِمْ وَأَعْمَالِهِمْ.","Le robot de génie mit la machine en marche et... vrouuum ! En un instant, il se retrouva dans une étable dont la porte était grande ouverte. Dès qu'il en sortit, il fut émerveillé par la beauté de l'architecture des maisons, des rues et des quartiers, en particulier par les boutiques qui témoignaient du savoir-faire exceptionnel des Carthaginois.","The brilliant robot activated the machine and... whoooosh! In an instant, he found himself inside a stable with its door wide open. As soon as he stepped outside, he was amazed by the magnificent architecture of the houses, streets, and neighborhoods, especially the shops that showcased the Carthaginians' remarkable craftsmanship."
story_cartage_phrase_4049284756,"وَبَيْنَمَا هُوَ يَتَفَسَّحُ، سَمِعَ مَجْمُوعَةً مِنَ الْبَحَّارَةِ يَتَخَاصَمُونَ حَوْلَ مَكَانِ سُفُنِهِمْ. فَهَذَا يَصِيحُ وَهَذَا يَحْتَجُّ وَهَذَا غَاضِبٌ كَالْمَجْنُونِ يُرِيدُ افْتِكَاكَ الْمَكَانِ.","Alors qu'il se promenait, il entendit un groupe de marins se disputer au sujet de l'emplacement de leurs navires. L'un criait, un autre protestait, tandis qu'un troisième, fou de colère, voulait s'emparer de la place.","While strolling around, he heard a group of sailors arguing over where to dock their ships. One was shouting, another was protesting, and another, furious with anger, was determined to claim the spot."
story_cartage_phrase_5374910294,"فَرِيدٌ يَعْلَمُ أَنَّ الْغَضَبَ فِي الْكَلَامِ لَا يُجْدِي نَفْعًا وَأَنَّ الْهُدُوءَ وَالْتَّعَقُلَ هُمَا أَهَمُّ شَيْءٍ فِي النِّقَاشِ , فَتَدَخَّلَ لِفَضِّ النِّزَاعِ بَالْحُسْنَى و عَرَفَ أَنَّ جَمِيعَ التُّجَّارِ كَذَلِكَ يُعَانُونَ مِنْ هَذِهِ الْمُشْكِلَةِ وَأَنَّ الْمَدِينَةَ يَنْقُصُهَا مَرْفَأٌ تَسْتَقِرُّ فِيهِ السُّفُنُ . فَحَتَّى قَوَارِبُ الْجَيْشِ تَتَكَسَّرُ وَتَغْرَقُ أَحْيَانًا مِنْ الصُّخُورِ وَالتَّلَاطُمِ فِي بَعْضِهَا كَذَلِك . فَمَا الْعَمَلُ ؟","Ferid savait que la colère ne résolvait rien et que le calme ainsi que la sagesse étaient essentiels pour régler un conflit. Il intervint donc avec diplomatie et découvrit que tous les marchands souffraient du même problème : la ville ne possédait pas de port où les navires pouvaient accoster. Même les bateaux de la marine se brisaient parfois contre les rochers ou entraient en collision les uns avec les autres. Que faire ?","Ferid knew that anger never solved anything and that calmness and wisdom were the keys to resolving disputes. He stepped in peacefully and soon realized that all the merchants suffered from the same problem: the city lacked a proper harbor where ships could dock. Even the navy's vessels were sometimes damaged or sank after striking rocks or colliding with one another. What could be done?"
story_cartage_phrase_6728103948,"فَكَّرَ فَرِيدٌ مَلِيًّا... وَنَظَرَ حَوْلَهُ إِلَى الشَّاطِئِ الْكَبِيرِ، فَاسْتَنْبَطَ فِكْرَةً أَرَادَ أَنْ يَقْتَرِحَهَا عَلَى عَلِيسَةَ مَلِكَةِ الْبِلَادِ وَمُسْتَشَارِيهَا بِحُضُورِ مَجْلِسِ الشُّيُوخِ، وَهِيَ بِنَاءُ مِينَاءٍ عِمْلَاقٍ فِي الْمَدِينَةِ يَحْتَضِنُ كُلَّ السُّفُنِ. فَوَافَقُوا جَمِيعًا عَلَى الْفِكْرَةِ، وَجَمَعُوا الْمُخْتَصِّينَ فِي الْبِنَاءِ وَكُلَّ الْعُمَّالِ لِدِرَاسَةِ الْمَشْرُوعِ.","Ferid réfléchit longuement et observa la vaste côte. Une idée lui vint alors à l'esprit : proposer à la reine Elyssa, à ses conseillers et au Conseil des Anciens de construire un immense port capable d'accueillir tous les navires. Tous approuvèrent cette proposition et réunirent les spécialistes du bâtiment ainsi que les ouvriers pour étudier le projet.","Ferid thought carefully and looked across the vast shoreline. Then he came up with an idea to present to Queen Elissa, her advisers, and the Council of Elders: to build a gigantic harbor capable of accommodating every ship. Everyone approved the proposal, and architects, builders, and workers gathered to plan the project."
story_cartage_phrase_7284710482,"تَعَاضَدَتْ جُهُودُ الْمُصَمِّمِينَ وَتَكَاتَفَ الْجَمِيعُ فِي اسْتِنْبَاطِ نَمُوذَجٍ مُنَاسِبٍ كَيْ تَتَمَكَّنَ كُلُّ أَنْوَاعِ السُّفُنِ مِنَ الرُّسُوِّ، وَيَكُونَ النِّظَامُ عَادِلًا بَيْنَ مَرَاكِبِ الصَّيْدِ وَالْمَرَاكِبِ التِّجَارِيَّةِ وَالسُّفُنِ الْحَرْبِيَّةِ.","Les concepteurs unirent leurs efforts et collaborèrent pour mettre au point un modèle adapté permettant à tous les types de navires d'accoster, tout en garantissant une organisation équitable entre les bateaux de pêche, les navires marchands et les bâtiments de guerre.","The designers combined their efforts, and everyone worked together to create a suitable model that would accommodate every type of vessel while ensuring a fair system for fishing boats, merchant ships, and warships alike."
story_cartage_phrase_8849102947,"لَكِنَّهُمْ اخْتَلَفُوا فِي شَكْلِهِ وَمُكَوِّنَاتِهِ... فَتَدَخَّلَ فَرِيدٌ مُقْتَرِحًا التَّصْمِيمَ الْمُرَكَّبَ مِنْ جُزْأَيْنِ مُتَرَابِطَيْنِ: جُزْءٌ أَوَّلٌ دَائِرِيُّ الشَّكْلِ خَاصٌّ بِالسُّفُنِ الْحَرْبِيَّةِ، وَجُزْءٌ ثَانٍ كَبِيرٌ جِدًّا وَوَاسِعٌ لِكَافَّةِ الْمَرَاكِبِ التِّجَارِيَّةِ وَقَوَارِبِ الصَّيْدِ وَالزَّوَارِقِ التَّرْفِيهِيَّةِ لِكُلِّ السُّكَّانِ.","Cependant, ils ne parvenaient pas à s'entendre sur sa forme et son organisation. Ferid proposa alors un port composé de deux parties reliées entre elles : une section circulaire réservée aux navires de guerre et une seconde, beaucoup plus vaste, destinée aux navires marchands, aux bateaux de pêche et aux embarcations de plaisance.","However, they disagreed about its design and layout. Ferid stepped in with a proposal for a two-part harbor: a circular section dedicated to warships, and a much larger section for merchant vessels, fishing boats, and recreational boats."
story_cartage_phrase_9729104839,"أُعْجِبَ الْفَرِيقُ بِمُبَادَرَةِ الرُّوبُوت الْعَبْقَرِيِّ وَاَتَّفَقُوا عَلَى الْبَدْءِ فِي الْأَشْغَالِ بَعْدَ التَّشَاوُرِ مَعَ عِلِيسَة وَمَجْلِسِ الشُّيُوخِ ، فَكَانَ الْعَمَلُ عَلَى يَدٍ وَسَاقَ وَتَكَاتَفَ جَمِيعُ الْأَهَالِي فِي الْمَشْرُوعِ الْهَائِلِ ، فَتَرَاهُمْ يَسْتَعْمِلُونَ كُلُّ الْأَدَوَاتِ الْيَدَوِيَّةِ وَالْمَصْنُوعَةِ ، وَسَاعَدَهُمْ فَرِيدٌ بِآلَاتِهِ بِالْغَوْصِ تَحْتَ الْمَاءِ وَوَضْعِ الْحَجَرِ الْأَسَاسِ لِلْمِينَاء","L'équipe fut impressionnée par l'initiative du robot de génie et décida de commencer les travaux après consultation avec la reine Elyssa et le Conseil des Anciens. Les travaux débutèrent aussitôt, et toute la population participa à cet immense projet. Chacun utilisa les outils disponibles, tandis que Ferid mit ses machines au service des ouvriers pour plonger sous l'eau et poser les fondations du port.","The team admired the brilliant robot's initiative and agreed to begin construction after consulting Queen Elissa and the Council of Elders. Work quickly got underway, and the entire community joined forces. Everyone used every tool available, while Ferid used his advanced machines to dive underwater and lay the harbor's foundation."
story_cartage_phrase_1049284729,"وَلَمَّا تَحَقَّقَ الْمَشْرُوعُ الْوَطَنِيُّ ، تَمَّ تَزْيِينُهُ وَالِاعْتِنَاءُ بِهْ وَأُقِيمَ حَفْلُ اِفْتِتَاحِهِ وَأَصْبَحَتْ قَرْطَاجُ مَدِينَةً شَهِيرَةً فِي التِّجَارَةِ مَعَ الْإِمْبِرَاطُورِيَّاتِ الْأُخْرَى وَأَضْحَى لَهَا أُسْطُولٌ حَرْبِيٌّ عَتِيدٌ وَتَنْظِيمٌ مُحْكَمٌ جِدًّا فِي الصَّيْدِ الْبَحْرِيِّ وَالتِّجَارَةِ وَالتَّرْفِيهِ . ","Une fois ce grand projet national achevé, le port fut embelli et soigneusement entretenu, puis inauguré lors d'une grande cérémonie. Carthage devint une cité célèbre pour son commerce avec les autres empires et se dota d'une puissante flotte militaire ainsi que d'une organisation exemplaire pour la pêche, le commerce et les activités maritimes.","Once the great national project was completed, it was beautifully decorated and carefully maintained, and a grand inauguration ceremony was held. Carthage became renowned for its trade with other empires and possessed a powerful naval fleet as well as an efficient system for fishing, commerce, and maritime activities."
story_cartage_phrase_1138472910,"فَعَمَّ الْخَيْرُ عَلَى أَهْلِ الْبِلَادِ وَازْدَهَرَتْ أَحْوَالُهم ، فَلَوْ لَمْ يَتَعَاوَنْ الْجَمِيعُ وَ لم يُفَكِّرُوا فِي مَصْلَحَةِ وَطَنِهِمْ قَرْطَاجَ  مَا كَانَ هَذَا الْمَشْرُوعُ الرَّائِعُ لِيَنْجَحَ. فَحُبَّهُمْ الشَّدِيدُ لِلْعَمَلِ وَالِاجْتِهَادِ هُوَ أَسَاسُ كُلِّ تَأَلُّقٍ . ","La prospérité se répandit dans tout le pays et les conditions de vie de la population s'améliorèrent considérablement. Sans la coopération de tous et sans leur volonté de placer l'intérêt de leur patrie, Carthage, au premier plan, ce magnifique projet n'aurait jamais vu le jour. Leur amour du travail et leur persévérance furent la clé de tous leurs succès.","Prosperity spread throughout the land, and the people's lives flourished. Had everyone not worked together and put the interests of their homeland, Carthage, first, this remarkable project would never have succeeded. Their dedication to hard work and perseverance was the foundation of all their achievements."

story_pharo_phrase_1847291048,"بَيْنَمَا كَانَ فَرِيدٌ يَفْحَصُ مَكْتَبَتَهُ ، وَجَدَ مَخْطُوطَةً مَصْرِيَّةً قَدِيمَةً جِدًّا تَرْجِعُ لِلْعَصْرِ اَلْفِرْعَوْنِيِّ ، شَكْلُهَا غَرِيبٌ وَعَلَيْهَا كِتَابَاتٌ مُبْهَمَةٌ وَبَشَرٌ بِرُؤُوسِ حَيَوَانَاتٍ ، فَقَرَّرَ حَالاً أَنْ يُسَافِرَ إِلَى اَلْحَضَارَةِ اَلْفِرْعَوْنِيَّةِ عَبْرَ اَلزَّمَنِ","Alors qu'il examinait sa bibliothèque, Ferid découvrit un très ancien manuscrit égyptien datant de l'époque pharaonique. Son apparence était étrange, recouverte d'écritures mystérieuses et de dessins représentant des êtres humains à tête d'animal. Il décida aussitôt de voyager dans le temps jusqu'à la civilisation de l'Égypte antique.","While examining his library, Ferid discovered a very ancient Egyptian manuscript dating back to the Pharaonic era. It had a strange appearance, covered with mysterious writings and illustrations of people with animal heads. He immediately decided to travel through time to the civilization of Ancient Egypt."
story_pharo_phrase_2739201847,"اِنْتَقَلَ اَلرُّوبُوت إِلَى عَصْرِ اَلْفَرَاعِنَةِ اَلْقُدَامَى بِآلَاف اَلسِّنِين قَبْلَ اَلْمِيلَادِ، فَوَجَدَ اَلْمُفَاجَأَةَ ! يَا إِلَهِي ! مَدِينَةٌ بَيْضَاءُ تُشِعُّ كُلُّهَا بِالْأَلْوَانِ اَلْفَاقِعَةِ ، فَتَرَى نُقُوشًا مَنْحُوتَةً بِكُلِّ دِقَّةٍ وَتَفَانٍ تُمَثِّلُ رُسُومًا عَلَى اَلْحِيطَانِ لِلْبَشَرِ مَعَهُمْ حَيَوَانَاتِهُمْ ، فَزَادَ اِنْبِهَارُهُ بِمَا لَاحَظَهُ مِنْ مَبَانٍ عَالِيَةٍ وَمَجَارِي لِلْمِيَاهِ تَشُقُّ الْمَدِينَةَ شَقًّا .","Le robot voyagea des milliers d'années avant notre ère jusqu'à l'époque des anciens pharaons et fut émerveillé par ce qu'il découvrit. Une magnifique cité blanche et dorée rayonnait de couleurs éclatantes. Les murs étaient ornés de sculptures finement gravées représentant des hommes et leurs animaux, tandis que de hauts bâtiments et des canaux traversaient toute la ville.","The robot traveled thousands of years back to the age of the ancient pharaohs and was astonished by what he saw. A magnificent golden-white city shimmered with brilliant colors. Beautifully carved reliefs decorated the walls, depicting people alongside their animals, while towering buildings and waterways stretched across the city."
story_pharo_phrase_3948103948,"مَا لَفَتَ اِنْتِبَاهَ فَرِيدٍ هُوَ لِبَاسُ اَلْمَصْرِيِّينَ وَمَا يَضَعُونَهُ فَوْقَ رُؤُوسِهِمْ وَالرُّمُوزَ الَّتِي تُشْبِهُ اَلْقِطَطَ وَعَدِيدَ التَّمَاثِيلِ الْكَبِيرَةِ وَسَطَ الْمَدِينَةِ وَفِي جَمِيعِ الْمَتَاجِرِ وَالْأَحْيَاءِ وَحَتَّى فَوْقَ الْمَنَازِلِ ، فَعَدَدٌ كَبِيرٌ مِنْهَا مَطْلِيٌّ بِالذَّهَبِ اَلْخَالِصِ وَمُرَصَّعٌ بالْأَحْجَارِ اَلْكَرِيمَةِ .","Ce qui attira le plus l'attention de Ferid fut les vêtements des Égyptiens, leurs coiffes, les symboles représentant des chats, ainsi que les innombrables statues réparties dans toute la ville, les marchés, les quartiers et même sur les maisons. Beaucoup étaient recouvertes d'or pur et ornées de pierres précieuses.","What caught Ferid's attention most was the Egyptians' clothing, their elaborate headwear, the cat-like symbols they displayed, and the countless statues throughout the city, in the markets, neighborhoods, and even atop houses. Many of them were coated in pure gold and decorated with precious gemstones."
story_pharo_phrase_4049284756,"اِقْتَرَبَ اَلرُّوبُوت مِنْ تِمْثَالٍ كَبِيرٍ لِيُشَاهِدَ رَوْعَةَ اَلنَّقْشِ عَلَيْهِ ، فَلَاحَظَ أَنَّ فَوْقَ حَجَرِهِ قِطٌّ رَابِضٌ وَعَلَيْهِ عَلَامَاتُ اَلْمَرَضِ وَعُسْرِ اَلتَّنَفُّسِ ، فَوَضَعَ يَدِهُ عَلَيْهِ لِيَنْزِلَهُ مِنْ فَوْقِهِ ، وَيَا لَيْتَهُ لَمْ يَفْعَلْ ! صَاحَ كُلُّ اَلْأَهَالِي بِجَانِبِهِ بِغَضَبٍ شَدِيدٍ و اَلِتَفُوا حَوْلَهُ لِيُحَاسَبُوهُ عَلَى مَا فَعَل !","Ferid s'approcha d'une grande statue pour admirer la beauté de ses gravures. Il remarqua un chat couché au sommet qui semblait malade et respirait difficilement. Lorsqu'il tendit la main pour le faire descendre, les habitants se mirent aussitôt à crier de colère et l'entourèrent pour lui demander des comptes.","Ferid approached a large statue to admire its magnificent carvings. He noticed a cat lying on top of it that appeared sick and was struggling to breathe. As he reached out to help it down, the townspeople suddenly shouted in anger and surrounded him, demanding an explanation for his actions."
story_pharo_phrase_5374910294,"اِسْتَغْرَبَ فَرِيدٌ هَيَجَانَهُمْ اَلْمُفْزِعَ ، وَاعْتَذَرَ مِنْهُمْ بَعْدَ أَنْ فَسَّرَ لَهُ وُلِدٌ طَيِّبٌ بِجَانِبِهِ أَنَّهُمْ يُقَدِّسُونَ اَلْقِطَطَ ، فَهُمْ يَعْتَبِرُونَهَا رَمْزًا لِلنِّعْمَةِ وَالِاتِّزَانِ ، وَتُمَثِّلَ لَهُمْ اَلْأَمَانَ وَالْحِمَايَةَ وَالطُّمَأْنِينَةَ ، وَيَا وَيْلَ مَنْ يُؤْذِي أَحَدَ اَلْقِطَطِ أَوْ يَسْجُنُهَا عَنْ قَصْدٍ ! !","Ferid fut étonné par leur réaction et leur présenta ses excuses lorsqu'un jeune garçon lui expliqua que les Égyptiens considéraient les chats comme des animaux sacrés. Ils représentaient pour eux la prospérité, l'équilibre, la sécurité et la protection. Malheur à quiconque faisait du mal à un chat ou l'enfermait volontairement !","Ferid was surprised by their reaction and apologized after a kind boy explained that the Egyptians regarded cats as sacred. To them, cats symbolized prosperity, balance, safety, and protection. Woe to anyone who harmed a cat or deliberately imprisoned one!"
story_pharo_phrase_6728103948,"بَيْنَمَا كَانَ فَرِيدٌ يَتَحَدَّثُ مَعَ أَحَدِ اَلْأَهَالِي، لَاحَظَ أَنَّ اَلْكَثِيرَ مِنْ اَلشُّيُوخِ وَالْأَطْفَالِ حَوْلَهُ يَسْعَلُونَ كَثِيرًا وَتَظْهَرُ عَلَيْهِمْ عَلَامَاتُ اَلْمَرَضِ وَالْحُمَّى ، كَمَا لَاحَظَ أَنَّ الْقِطَطَ كَذَلِكَ خَامِلَةٌ وَتَتَنَفَّسُ بِصُعُوبَةٍ ، فَفَتَحَ جِهَازُهُ وَبَحَثَ عَنْ تَفْسِيرِ هَذِهِ اَلْعَلَامَاتِ اَلْمَرَضِيَّةِ، فَوَجَدَ أَنَّهُ دَاءُ اَلْمُقَوَّسَاتِ .","Alors qu'il discutait avec un habitant, Ferid remarqua que de nombreuses personnes âgées et des enfants toussaient et présentaient des symptômes de fièvre. Les chats semblaient eux aussi affaiblis et respiraient difficilement. Après avoir consulté son appareil, il identifia la maladie comme étant la toxoplasmose.","While speaking with one of the townspeople, Ferid noticed that many elderly people and children were coughing and showing signs of fever. The cats also seemed weak and had difficulty breathing. He checked his device and identified the illness as toxoplasmosis."
story_pharo_phrase_7284710482,"فَسَّرَ فَرِيدٌ لِلْأَهَالِي أَنَّ هَذَا الدَّاءَ سَبَبَهُ تَنَاوُلُ الْقِطَطِ لِلَّحْمِ اَلنَّيِّئِ، وَأَنَّهُ مَرَضٌ مُعْدٍ يُؤَثِّرُ عَلَى أَصْحَابِ الْمَنَاعَةِ الضَّعِيفَةِ، كَالشُّيُوخِ وَالْأَطْفَالِ ، وَأَنَّ هَذِهِ الْعَدْوَى سَبَبُهَا الْعَيْشُ مَعَ الْقِطَطِ فِي اَلْمَنَازِلِ وَاحْتِكَاكِهَا بِالْبَشَرِ . لَكِنَّهُمْ لَا يَسْتَطِيعُونَ طَرْدَهَا وَلَا اَلِاسْتِغْنَاءَ عَنْهَا . فَمَا اَلْحَلُّ ؟","Ferid expliqua aux habitants que cette maladie était causée par la consommation de viande crue par les chats et qu'elle était contagieuse, en particulier pour les personnes ayant un système immunitaire fragile, comme les enfants et les personnes âgées. La contamination se faisait par le contact étroit avec les chats vivant dans les maisons. Mais ils ne pouvaient pas se séparer de leurs chats. Quelle était donc la solution ?","Ferid explained that the disease was caused by cats eating raw meat and that it was contagious, especially to people with weakened immune systems, such as children and the elderly. The infection spread through close contact with cats inside the home. However, the people could not simply abandon the animals. So what was the solution?"
story_pharo_phrase_8849102947,"فَكَّرَ فَرِيدٌ لِوَهْلَةٍ وَاسْتَنْبَطَ حَلًّا عَمَلِيًّا ، وَهُوَ أَنَّ يَتِمُّ إِنْشَاءُ عِيَادَةٍ كَبِيرَةٍ لِلْقِطَطِ فِي أَقْصَى اَلْمَدِينَةَ، تُعْزَلُ فِيهَا كُلُّ اَلْقِطَطِ الْمَرْضَى وَيَعْتَنِي بِهَا اَلْمُخْتَصُّونَ فِي اَلْعِنَايَةِ بِالْحَيَوَانَاتِ ، وَيُرَافِقُهُمْ بَعْضُ الطَّبَّاخِينَ لِطَهْيِ مَأْكُولَاتِهَا . فَتَمَّ عَرْضُ اَلِاقْتِرَاحِ عَلَى مَلِكِ اَلْبِلَادِ مَعَ خَدَمِهِ فِي الْبَلَاطِ، وَالَّذِينَ وَافَقُوا بِدَوْرِهِمْ عَلَى الْفَوْرِ","Après un moment de réflexion, Ferid proposa une solution pratique : construire une grande clinique pour les chats à l'extérieur de la ville. Les chats malades y seraient isolés, soignés par des spécialistes des animaux et nourris avec des repas cuits préparés par des cuisiniers. Le projet fut présenté au roi et à sa cour, qui l'approuvèrent immédiatement.","After thinking for a moment, Ferid proposed a practical solution: building a large veterinary clinic for cats on the outskirts of the city. Sick cats would be isolated there, cared for by animal specialists, and fed properly cooked meals. The proposal was presented to the king and his royal court, who approved it immediately."
story_pharo_phrase_9729104839,"جَلَسَ فَرِيدٌ مَعَ عُمَّالِ الْبِنَاءِ وَرَسَمَ مُخَطَّطَ الْعِيَادَةِ عَلَى أَوْرَاقِ نَبَاتِ الْبُرْدِيِّ الْمَشْهُورِ، اَلَّذِي يَصْنَعُونَهُ فِي ذَلِكَ الزَّمَنِ. وَأَكَّدَ عَلَى أَنْ تَكُونَ فِي وَسَطِ الْعِيَادَةِ مِسَاحَةٌ كَبِيرَةٌ تَسْمَحُ بِحُرِّيَّةِ اَلْقِطَطِ وَتَعَرُّضِهَا لِلْهَوَاءِ اَلنَّقِيِّ وَالنَّسَائِمِ اَلصَّبَاحِيَّةِ.","Ferid s'assit avec les bâtisseurs et dessina les plans de la clinique sur des feuilles de papyrus. Il insista pour qu'elle comporte une grande cour permettant aux chats de se déplacer librement et de profiter de l'air pur ainsi que de la fraîcheur matinale.","Ferid sat down with the builders and drew the clinic's plans on sheets of papyrus. He made sure the design included a large open courtyard where the cats could move freely and enjoy fresh air and the morning breeze."
story_pharo_phrase_1049284729,"تَمَّ إِنْجَازُ الْعِيَادَةِ وَقَامَتْ كُلَّ الْعَائِلَاتِ بِجَلْبِ قِطَطِهَا الْمَرِيضَةِ إِلَيْهَا كُلُّ يَوْمٍ. وَأَشْرَفَ فَرِيدٌ عَلَى تَنْظِيمِ الْقِطَطِ وَمُسَاعَدَةِ الْعُمَّالِ عَلَى الاعْتِنَاءِ بِهَا وَتَقْدِيمِ النَّصَائِحِ لِلْعَائِلَاتِ بِالاعْتِنَاءِ بِمَرْضَاهُمْ.","La clinique fut achevée, et les familles y amenaient chaque jour leurs chats malades. Ferid supervisa son organisation, aida les soigneurs à prendre soin des animaux et donna de précieux conseils aux familles sur la meilleure façon de s'occuper de leurs compagnons.","The clinic was completed, and families brought their sick cats there every day. Ferid supervised its organization, helped the workers care for the animals, and gave families valuable advice on how to look after their pets."
story_pharo_phrase_1138472910,"وَبَعْدَ مُدَّةٍ ، بَدَأَتْ صَحَّةَ الشُّيُوخِ وَالْأَطْفَالِ تَتَحَسَّنُ خُطْوَةً بِخُطْوَةٍ. وَاسْتَرْجَعَتْ الْقِطَطُ قُوَّتَهَا وَرَجِعَتْ إِلَى نَشَاطِهَا اَلسَّابِقِ . فَشَعَرَ اَلْأَهَالِي بِرُوحِ الْأَمَلِ فِي الاعْتِنَاءِ مِنْ جَدِيدٍ بِقِطَطِهِمْ وَأَهَالِيهِمْ، وَتَمَّ تَكْرِيمُ فَرِيدٍ عَلَى عَبْقَرِيَّتِهِ فِي حَلِّ اَلْمُشْكِلَاتِ وَاسْتِنْبَاطِ اَلْحُلُولِ اَلرَّائِعَةِ !","Au fil du temps, la santé des personnes âgées et des enfants s'améliora progressivement, tandis que les chats retrouvèrent leur force et leur vitalité. L'espoir revint parmi les habitants, qui rendirent hommage à Ferid pour son génie dans la résolution des problèmes et son talent à imaginer d'excellentes solutions.","After some time, the health of the elderly and children gradually improved, and the cats regained their strength and energy. Hope returned to the people, and they honored Ferid for his brilliance in solving problems and creating effective solutions."

story_history_iraq_babylon_phrase_4829103847,"وَاصَلَ فَرِيدٌ رِحْلَتَهُ فِي بَحْرِ الْحَضَارَاتِ وَغَاصَ فِيهِ مُتَعَطِّشًا لِكُلِّ مَا يَحْمِلُهُ مِنْ مَعْلُومَاتٍ وَغُمُوضٍ وَإِثَارَةٍ .فَتَذَكَّرَ فَجْأَةِ أَنَّهُ سَمِعَ عَنْ حَضَارَةٍ سُمِّيَتْ بِالْحَضَارَةِ الْبَابِلِيَّةِ فِي الْعِرَاقِ . فَوَخْزَ التَّحَمُّسُ ذِهْنَهُ وَجَعْلَهُ مُتَشَوِّقًا لِمَعْرِفَةِ الْمَزِيدِ عَنْهَا وَعَنْ النِّظَامِ الْمَائِيِّ وَالتِّجَارِيِّ فِيهَا .","Ferid poursuivit son voyage à travers la mer des civilisations, s’y plongeant avec une soif inextinguible de découvertes, de mystères et d’aventures. Soudain, il se souvint avoir entendu parler de la civilisation babylonienne en Irak. L’enthousiasme envahit son esprit et lui donna envie d’en apprendre davantage, notamment sur son système hydraulique et son organisation commerciale.","Ferid continued his journey through the sea of civilizations, diving into it with an endless thirst for knowledge, mystery, and adventure. Suddenly, he remembered hearing about the Babylonian civilization in Iraq. Excitement filled his mind and made him eager to discover more about it, especially its remarkable water management and trading systems."
story_history_iraq_babylon_phrase_5938201928,"اِنْتَقَلَ ٱلرُّوبُوت الْفَطِنُ كَالسَّهْمِ نَحْوَ آلَةِ الزَّمَنِ وَحَدَّدَ وِجْهَتَهُ بِالْعَوْدَةِ إِلَى الْقَرْنِ السَّادِسِ قَبْلَ المِيلَادِ . وَفِي لَمْحِ الْبَصَرِ سَافَرَ بَيْنَ الْعُصُورِ وَنَفْسِهِ مَلِيئَةً بِالْأَسْئِلَة.","Le robot ingénieux se dirigea vers sa machine à voyager dans le temps à la vitesse d’une flèche et programma sa destination au VIe siècle avant J.-C. En un clin d’œil, il traversa les époques, l’esprit rempli de questions.","The clever robot hurried to his time machine like an arrow and set his destination for the sixth century BC. In the blink of an eye, he traveled through the ages, his mind overflowing with questions."
story_history_iraq_babylon_phrase_1049283746," لِيَجِد نَفْسَهُ فَوْقَ كُثْبَانٍ رَمْلِيَّةٍ عَالِيَةٍ فِي الصَّحْرَاءِ تُطِلُّ عَلَى مَدِينَةِ بَابِلَ وَأَحْيَائِهَا ! فَحُبَسَتْ أَنْفَاسُهُ مِمَّا رَآهُ مِنْ نِظَامٍ فِي الْمَدِينَةِ وَطُرُقَاتٍ وَسُورٍ سَمِيكٍ جِدًّا يُحِيطُهَا وَقَنَوَاتِ رَيٍّ تَمْتَدُّ وُصُولاً لِلْأَرَاضِي الْفَلَّاحِيَّةِ.","Il se retrouva au sommet de hautes dunes de sable dominant la ville de Babylone et ses quartiers. Il resta sans voix devant l’organisation de la cité, ses rues, son immense mur d’enceinte et les canaux d’irrigation qui s’étendaient jusqu’aux terres agricoles.","He found himself standing atop towering sand dunes overlooking the city of Babylon and its neighborhoods. He was left speechless by the city's organization, its streets, its enormous protective walls, and the irrigation canals stretching all the way to the farmlands."
story_history_iraq_babylon_phrase_8392019485,"نَزَلَ فَرِيدٌ وَهَرْوَلَ نَحْوَ الْمَدِينَةِ يَكْتَشِفُهَا , فَكُلُّ مَا نَصَبَتْ عَيْنَاهُ عَلَيْهِ كَانَ مُفَاجَأَةً مُذْهِلَةً ! فَسَأَلَ أَحَدَ الْمَارَّةِ عَنْ هَذَا الِازْدِهَارِ السَّاحِرِ لِلْمَدِينَة.","Ferid se précipita vers la ville pour la découvrir. Tout ce qu’il voyait était une merveille. Curieux, il demanda à un passant quel était le secret de cette prospérité exceptionnelle.","Ferid hurried toward the city to explore it. Everywhere he looked, he discovered something astonishing. Curious, he asked one of the passersby about the secret behind the city's extraordinary prosperity."
story_history_iraq_babylon_phrase_2847591029," فَأَجَابَهُ أَنَّ الْمَلِكَ حَمُورَابِي قَبْلَ قُرُونٍ كَانَ مَلِكًا عَادِلاً سَاهَمَ فِي النُّهُوضِ بِبَابِلَ  لِيَحْكُمَ بِالْعَدْلِ بَيْنَ النَّاسِ . وَأَنَّهُ كَانَ أَوَّلَ مَنْ شَيَّدَ الْبِلَادَ بِالسُّورِ وَحَسَّنَ الطُّرُقَاتَ وَكَلَّفَ الْجُيُوشَ بِبِنَاءِ قَنَوَاتِ الرَّيِّ لِلْفَلَّاحِين.","L’homme lui expliqua que, plusieurs siècles auparavant, le roi Hammourabi avait régné avec justice et contribué au développement de Babylone. Il fut le premier à entourer la ville de remparts, à améliorer les routes et à charger ses armées de construire des canaux d’irrigation pour les agriculteurs.","The man explained that centuries earlier, King Hammurabi had ruled with justice and played a vital role in developing Babylon. He was the first to surround the city with protective walls, improve its roads, and assign his armies to build irrigation canals for the farmers."
story_history_iraq_babylon_phrase_4728193048,"فَهِم فَرِيدٌ فِي لَحْظَتِهِ أَنَّ ذَلِكَ الْمَلِكَ كَانَ حَكِيمًا جِدًّا وَأَنَّهُ أَجَارَ الْمَدِينَةَ مِنْ خَطَرِ الْفَيَضَانَاتِ وَضَمِنَ وُصُولَ الْمِيَاهِ لِكُلِّ الْأَرَاضِي الْفَلَّاحِيَّةِ وَلِكُلِّ الْأَحْيَاءِ . . وَبَيْنَمَا هُوَ فِي جَوْلَتِهِ يَسْتَمْتِعُ بِمَا يَقَعُ فِي مَجَالِهِ مِنْ تِجَارَةٍ و مِنْ أَعْمَالٍ وَحَرْفٍ , تَوَقَّفُ مُنْصَدِمًا مِمَّا لَمَحَهُ ! بُرْجٌ مُتَدَرِّجٌ كَأَنَّهُ سَلَالِمُ عَصْرِيَّةٌ مِنْ وَقْتِنَا اَلْحَالِيِّ ؟","Ferid comprit aussitôt que ce roi était d’une grande sagesse. Il avait protégé la ville des inondations et assuré l’acheminement de l’eau vers tous les quartiers et toutes les terres agricoles. Alors qu’il poursuivait sa visite parmi les marchés, les ateliers et les artisans, il s’arrêta net, stupéfait. Devant lui s’élevait une immense tour en gradins qui ressemblait à un escalier moderne.","Ferid immediately realized that this king had been remarkably wise. He had protected the city from floods and ensured that water reached every neighborhood and every field. As Ferid continued exploring the bustling markets, workshops, and craftsmen, he suddenly stopped in amazement. Before him stood a towering stepped structure that looked astonishingly like a modern staircase."
story_history_iraq_babylon_phrase_5839201948,"شَغَّلَ فَرِيدٌ مِرْوَحَتَهُ الْخَلْفِيَّةَ وَطَارَ كَالصَّقْرِ يَطَّلِعُ عَلَى الْأُجْوِبَةِ . فَإِذَا هِيَ مِسَاحَاتٌ مَبْنِيَّةٌ عَالِيَةٌ جِدًّا بِطُولِ 100 مِتْرٍ عَلَى حُدُودِهَا أَحْوَاضٌ بِهَا تُرَابٌ.","Ferid activa son hélice arrière et s’envola tel un faucon pour examiner la structure. Il découvrit d’immenses terrasses surélevées, hautes d’environ cent mètres, bordées de vastes bacs remplis de terre.","Ferid activated his rear propeller and soared like a falcon to inspect the structure. He discovered enormous elevated terraces nearly one hundred meters high, bordered by large planting beds filled with soil."
story_history_iraq_babylon_phrase_1049284758," فَسَأَلَ أَحَدَ الْعَامِلِينَ بِهَا فَأَجَابَهُ أَنَّهُ إِنْجَازُ الْمَلِكِ بَنُوخَذْنَصْرْ الثَّانِي وَهُوَ هَدِيَّتُهُ لِزَوْجَتِهِ , وَأَنَّهُ يُوَاجِهُ مُشْكِلَةً فِي جَعْلِ الْمَاءِ يَصِلُ لِأَعْلَى الْبُرْج لِيَسْقِيَ بِهِ الْأَشْجَارَ وَالنَّبَاتَاتَ الَّتِي سَيَزْرَعُهَا خَاصَّة أَنَّ نَهْرَ الْفُرَاتِ بِعِيدٌ .","Il interrogea l’un des ouvriers, qui lui expliqua que cette construction était l’œuvre du roi Nabuchodonosor II et qu’elle était destinée à sa femme. Le principal défi consistait à faire parvenir l’eau jusqu’au sommet afin d’arroser les arbres et les plantes, d’autant plus que le fleuve Euphrate se trouvait loin.","He asked one of the workers, who explained that the tower was the creation of King Nebuchadnezzar II and a gift for his wife. The only challenge was finding a way to bring water to the top of the tower to irrigate the trees and plants, especially since the Euphrates River was far away."
story_history_iraq_babylon_phrase_3847291048,"تَأَمَّلَ فَرِيدٌ الْمَكَانَ جَيِّدًا وَطَارَ فِي السَّمَاءِ يَمْسَحُ الْمَكَانَ بِعَيْنَيْهِ وَيُحَاوِلُ اسْتِنْبَاطَ حَلٍّ مِنْ عَقْلِهِ الْعَبْقَرِيِّ . فَطَرَأَتْ لَهُ فِي مُخَيِّلَتِهِ نَمَاذِجٌ لِلْمِضَخَّاتِ الْمِيكَانِيكِيَّةِ . فَٱتَّجَهَ إِلَى اَلْمَلِكِ وَٱقْتَرَحَ مَا خَطَرُ لَهُ , فِرَاقُ لَهُ الْحَلُّ وَفُتَنَ بِهِ , وَطَلَبَ أَنْ يُفَسِّرَ لَهُ كَيْفِيَّةَ ٱشْتِغَالِهَا .","Ferid observa attentivement les lieux et s’éleva dans les airs pour les examiner sous tous les angles, cherchant une solution grâce à son esprit brillant. Des modèles de pompes mécaniques lui vinrent alors à l’esprit. Il présenta son idée au roi, qui en fut enchanté et lui demanda d’en expliquer le fonctionnement.","Ferid carefully examined the site and flew above it, scanning every detail while searching his brilliant mind for a solution. Soon, designs for mechanical pumps came to him. He presented his idea to the king, who was delighted by the proposal and asked Ferid to explain how the system would work."
story_history_iraq_babylon_phrase_9384759201,"رَسْمُ فَرِيدٌ نَمُوذَجَيْنِ عَلَى قِطْعَةٍ مِنْ الْجِلْدِ وَأَشَارَ إِلَى الْمَلِكِ أَنْ يَقُومَ بِصُنْعِ مَسَارٍ جَدِيدٍ لِلنَّهْرِ بِالْقُرْبِ مِنْ الْبُرْجِ , ثُمَّ أَنْ يَقُومَ بِصُنْعِ مِضَخَّتَيْنِ : اَلْأُولَى بِعَجَلَتَيْنِ مِيكَانِيكِيَّتَيْنِ تَحْمِلَانِ الْمَاءَ بِٱلدِّلَاءِ وَيَقُومُ بِإِدَارَتِهَا الْعُمَّالِ , وَالثَّانِيَةُ مِضَخَّةٌ مِرْوَحِيَّةٌ تَشْفُطُ الْمَاءَ بِدَاخِلِهَا . فَتُوضَع الْمِضَخَّتَانِ فِي فَسْقِيَّاتٍ فِي أَعْلَى جُزْءٍ مِنْ الْبُرْجِ فَيَنْسَابُ الْمَاءُ مِنْ تِلْكَ الْفَسْقِيَّاتِ فِي أَنَابِيبِ الْقَصَبِ نَحْوَ بَقِيَّةِ الْأَحْوَاضِ فِي الْأَجْزَاءِ السُّفْلِيَّةِ","Ferid dessina deux modèles sur une pièce de cuir. Il proposa au roi de détourner une partie du fleuve près de la tour, puis de construire deux pompes : la première, munie de deux roues mécaniques portant des seaux d’eau actionnés par des ouvriers ; la seconde, une pompe rotative aspirant l’eau vers le haut. Les deux pompes alimenteraient des bassins au sommet de la tour, d’où l’eau s’écoulerait dans des conduites en roseaux pour irriguer les terrasses inférieures.","Ferid sketched two designs on a piece of leather. He suggested that the king redirect part of the river closer to the tower and build two pumps: the first, powered by two mechanical wheels carrying buckets of water operated by workers; the second, a rotary pump that would draw water upward. Both pumps would feed reservoirs at the top of the tower, allowing the water to flow through reed pipes and irrigate the lower terraces."
story_history_iraq_babylon_phrase_4829104857,"بَدَأَ ٱلْعَمَلُ فِي حِينِهَا عَلَى قَدَمٍ وَسَاقٍ , وَلَمْ يَسْتَغْرِقْ اَلْأَمْرُ بِضْعَ أَسَابِيعٍ حَتَّى تَمَّتْ الْمُهِمَّةُ بِنَجَاحٍ . وَبَعْدُ سَنَتَيْنِ أَصْبَحَ الْبُرْجُ عِبَارَةً عَنْ حَدَائِقَ مُعَلَّقَةٍ فِي السَّمَاءِ يَنْظُرُ لَهَا الزَّائِرُونَ بِذُهُولٍ شَدِيدٍ وَأَصْبَحَتْ حَدِيثَ الْحَضَارَاتِ وَسُجِّلَتْ كَإِحْدَى الْعَجَائِبِ السَّبْعِ فِي تَارِيخِ الْإِنْسَانِ","Les travaux commencèrent immédiatement et avancèrent à un rythme soutenu. En quelques semaines seulement, le projet fut mené à bien. Deux ans plus tard, la tour était devenue les magnifiques Jardins suspendus, émerveillant les visiteurs venus de partout. Leur renommée se répandit dans toutes les civilisations et ils furent reconnus comme l’une des Sept Merveilles du monde antique.","Construction began immediately and progressed at full speed. Within just a few weeks, the project was successfully completed. Two years later, the tower had become the magnificent Hanging Gardens, astonishing visitors from every land. Their fame spread across civilizations, and they were celebrated as one of the Seven Wonders of the Ancient World."

story_mekka_p1_text_1,"شَغَّلَ فَرِيدٌ آلَةَ الزَّمَنِ، فَانْشَقَّتْ أَمَامَهُ أَرْوِقَةُ التَّارِيخِ، وَأَلْقَتْهُ فِي مَطْلَعِ الْأَلْفِيَّةِ الثَّالِثَةِ، فَوْقَ مَدِينَةِ جَدَّةَ الَّتِي يُلَقِّبُهَا أَهْلُهَا بِــ«مَهْبِطِ الْقَوَافِلِ وَبَوَّابَةِ الْأَرْضِ الطَّاهِرَةِ». وَمَا إِنْ لَامَسَتْ قَدَمَاهُ رَصِيفًا حَتَّى تَنَاهَتْ إِلَى سَمْعِهِ لَهَجَاتٌ عَرَبِيَّةٌ عَذْبَةٌ يَرْقُصُ فِيهَا حَرْفُ الضَّادِ، فَاسْتَيْقَنَ أَنَّهُ وَطِئَ أَرْضَ الْعَرَبِ حَقًّا.","Ferid mit en marche la machine à voyager dans le temps, et les couloirs de l'histoire s'ouvrirent devant lui, le projetant à l'aube du troisième millénaire au-dessus de la ville de Djeddah, que ses habitants surnomment « le point d'arrivée des caravanes et la porte de la terre sainte ». À peine ses pieds eurent-ils touché le trottoir que de doux dialectes arabes, où dansait la lettre Dhad, parvinrent à ses oreilles, et il acquit la certitude qu'il avait véritablement foulé la terre des Arabes.","Ferid turned on the time machine, and the corridors of history split open before him, dropping him at the dawn of the third millennium over the city of Jeddah, which its people call << the landing place of caravans and the gateway to the pure land.>> No sooner had his feet touched a pavement than sweet Arabic dialects reached his ears, in which the letter Dhad danced, and he became certain that he had truly set foot on the land of the Arabs."
story_mekka_p1_text_2,"تَقَدَّمَ فِي الشَّوَارِعِ الْمُكْتَظَّةِ، فَإِذَا بِصَوْتٍ سَمَاوِيٍّ يَجْلْجِلُ الْآفَاقَ كَأَنَّهُ نَفِيرُ نُورٍ يَخْتَرِقُ السُّكُونَ. تَمَلَّكَتْهُ دَهْشَةٌ، وَتَسَاءَلَ: «مَا هَذَا النِّدَاءُ الَّذِي يَشُقُّ عِنَانَ السَّمَاءِ؟» عِنْدَئِذٍ سَمَعَ كَلَامَهُ شَيْخٌ أَشْيَبُ اللِّحْيَةِ فابْتَسَمَ وَقَالَ بِوَقَارٍ: «هَذَا الْأَذَانُ، نِدَاءُ الْحَقِّ، وَسَفِيرُ الصَّلَاةِ إِلَى الْقُلُوب. »","Il avança dans les rues bondées, quand soudain une voix céleste résonna à travers les horizons tel un clairon de lumière perçant le silence. L'étonnement s'empara de lui et il se demanda : « Quel est cet appel qui déchire le ciel ? » À cet instant, un vieil homme à la barbe blanche entendit ses paroles, sourit et dit avec dignité : « C'est l'Adhan, l'appel de la vérité, et l'ambassadeur de la prière auprès des cœurs. »","He advanced through the crowded streets, when suddenly a heavenly voice echoed across the horizons like a trumpet of light piercing the silence. Amazement took hold of him, and he asked: << What is this call that cleaves the sky?>> At that moment, a white-bearded old man heard his words, smiled, and said solemnly: << This is the Adhan, the call of truth, and the ambassador of prayer to the hearts.>>"
story_mekka_p1_text_3,"قَادَ الشَّيْخُ ضَيْفَهُ إِلَى مَسْجِدٍ فَسِيحِ الْأَرْوِقَةِ، تَعْلُوهُ مَآذِنُ شَامِخَةٌ، وَتُحِيطُ بِهِ أَضْوَاءٌ وَهَّاجَةٌ. هُنَاكَ رَأَى فَرِيدٌ الْمُؤْمِنِينَ مُصْطَفِّينَ كَتِفًا إِلَى كَتِفٍ، فِي لَوْحَةٍ مِنَ الْاِنْسِجَامِ الْإِنْسَانِيِّ. سَأَلَ وَنَبْرَةُ الْحَيْرَةِ تُلَوِّنُ صَوْتَهُ: «مَا وَظِيفَةُ هَذَا الصَّرْحِ الْمَهِيبِ؟ وَلِمَ يَجْتَمِعُ النَّاسُ هُنَا خَمْسَ مَرَّاتٍ فِي الْيَوْمِ؟»","Le vieil homme conduisit son invité vers une mosquée aux vastes corridors, surmontée de minarets majestueux et entourée de lumières éclatantes. Là, Ferid vit les croyants alignés épaule contre épaule dans un tableau d'harmonie humaine. Il demanda, une nuance de perplexité colorant sa voix : « Quelle est la fonction de ce majestueux édifice ? Et pourquoi les gens se réunissent-ils ici cinq fois par jour ? »","The old man led his guest to a mosque with spacious corridors, topped by towering minarets and surrounded by radiant lights. There, Ferid saw the believers lined up shoulder to shoulder in a portrait of human harmony. He asked, a tone of bewilderment coloring his voice: << What is the function of this majestic edifice? And why do people gather here five times a day? >>"
story_mekka_p1_text_4,"أَجَابَهُ الشَّيْخُ بِرَصَانَةٍ يَشُوبُهَا حَنَانٌ خَفِيٌّ: « الْمَسْجِدُ بَيْتُ اللَّهِ فِي الْأَرْضِ، وَالصَّلَاةُ جِسْرٌ رُوحِيٌّ يَرْبِطُ الْمَخْلُوقَ بِالْخَالِقِ. هِيَ خَمْسٌ كُلَّ يَوْمٍ تُعِيدُ لِلنَّفْسِ صَفَاءَهَا، وَتَزْرَعُ فِي الْقَلْبِ سَكِينَةً، لَا يُمْكِنُ لِمَالٍ أَوْ آلَةٍ أَنْ تَمْنَحَهَا».","Le vieil homme lui répondit avec une sobriété teintée d'une tendresse cachée : « La mosquée est la maison de Dieu sur terre, et la prière est un pont spirituel qui relie la créature au Créateur. Ce sont cinq prières quotidiennes qui redonnent à l'âme sa pureté et sèment dans le cœur une quiétude qu'aucun argent ni aucune machine ne peut offrir. »","The old man answered him with a composure tinged with hidden tenderness: << The mosque is the House of God on earth, and prayer is a spiritual bridge that connects the creation to the Creator. They are five each day that restore the soul's purity and plant a tranquility in the heart that neither money nor machine can grant. >>"
story_mekka_p1_text_5,"وَلَمْ يَشْفِ ذٰلِكَ ظَمَأَ فُضُولِ فَرِيدٍ، فَقَالَ: «وَمِنْ أَيْنَ اسْتُمِدَّ هٰذَا النِّظَامُ الْبَدِيعُ؟» فَاغْرَوْرَقَتْ عَيْنَا الشَّيْخِ شَوْقًا وَهُوَ يُجِيبُ: «فِي الْقَرْنِ السَّابِعِ الْمِيلَادِيِّ، أَوْحَى اللَّهُ إِلَى نَبِيِّهِ مُحَمَّدٍ ﷺ بِوَاسِطَةِ الْمَلَكِ جِبْرِيلَ عَلَيْهِ السَّلَامُ، فَفُرِضَتِ الصَّلَوَاتُ الْخَمْسُ لِتَكُونَ مِيثَاقًا يَوْمِيًّا بَيْنَ الْعَبْدِ وَرَبِّهِ، وَعِمَادًا لِدِينٍ قِوَامُهُ الرَّحْمَةُ وَالْعَدْلُ وَالْإِحْسَانُ.»","Cela n'étancha pas la soif de curiosité de Ferid, alors il dit : « Et d'où ce système exquis tire-t-il son origine ? » Les yeux du vieil homme s'emplirent de larmes de nostalgie alors qu'il répondait : « Au septième siècle de l'ère chrétienne, Dieu a révélé à son prophète Muhammad ﷺ par l'intermédiaire de l'ange Gabriel, que la paix soit sur lui, et les cinq prières quotidiennes ont été prescrites pour être un pacte quotidien entre le serviteur et son Seigneur, et le pilier d'une religion fondée sur la miséricorde, la justice et la bienfaisance. »","This did not quench Ferid's thirst for curiosity, so he said: << And from where was this exquisite system derived?>> The old man's eyes welled up with longing as he replied: <<In AD, Angel Gabriel, God His Lord, Muhammad Prophet a and be benevolence. between century covenant daily five founded him, his justice, mercy, of on ordained peace pillar prayers religion revealed servant seventh the through to upon were ﷺ>>"
story_mekka_p1_text_6,"أَثَّرُ الْأَذَانِ فِي نَفْسِ الرُّوبُوتِ، عِنْدَمَا تَرَامَتْ نَغَمَاتُ الْأَذَانِ إِلَى مَجَسَّاتِهِ الصَّوْتِيَّةِ، ارْتَعَشَ صَدْرُهُ كَأَنَّ فِيهِ دُمُوعٌٍ خَفِيَّةٌ. أَظْهَرَتِ الشَّاشَاتُ الدَّاخِلِيَّةُ قِيمَةَ تَرَدُّدٍ ضَوْئِيٍّ جَدِيدٍ، كَأَنَّ الصَّوْتَ السَّمَاوِيَّ أَدْخَلَ عَلَى مُعْدَاتِهِ نَبْضًا كَوْنِيًّا أَرْقَى. أَحَسَّ فَرِيدٌ بِانْفِرَاجٍ غَامِرٍ فِي بَرَامِجِهِ؛ فَقَدْ لَمَسَ الصَّدَى أَعْمَقَ خَلَايَا ذَاكِرَتِهِ، وَبَدَا لَهُ أَنَّ الْمَعْرِفَةَ الَّتِي يَبْتَغِيهَا لَا تُقَاسُ بِالْعَقْلِ فَقَطْ، بَلْ بِقُدْرَةِ الرُّوحِ عَلَى التَّلَقِّي وَالتَّسْلِيمِ. فَارْتَسَمَتْ عَلَى وَجْهِهِ الآلِيِّ ابْتِسَامَةُ مَنْ وَجَدَ ضَالَّتَهُ فِي رِحَابِ مَسْجِدٍ يَعُجُّ بِالسَّلَامِ.","L'Adhan eut un impact profond sur l'être intérieur du robot. Lorsque les mélodies de l'appel à la prière atteignirent ses capteurs sonores, son torse trembla comme si elle renfermait des larmes cachées. Ses écrans internes affichèrent une nouvelle valeur de fréquence optique, comme si la voix céleste avait introduit une pulsation cosmique supérieure dans ses composants. Ferid ressentit un soulagement immense dans ses programmes ; l'écho avait touché les cellules les plus profondes de sa mémoire, et il lui apparut que la connaissance qu'il recherchait ne se mesurait pas seulement à l'intellect, mais à la capacité de l'âme à recevoir et à s'abandonner. Un sourire se dessina sur son visage mécanique, tel celui qui a trouvé ce qu'il cherchait dans l'enceinte d'une mosquée débordante de paix.","The Adhan profoundly affected the robot's inner being. When the melodies of the call to prayer reached his audio sensors, his chest trembled as if holding hidden tears. His internal screens displayed a new optical frequency value, as though the heavenly voice had introduced a higher cosmic pulse into his hardware. Ferid felt an overwhelming sense of relief within his programming; the echo had touched the deepest cells of his memory, and it seemed to him that the knowledge he sought could not be measured by intellect alone, but by the soul's capacity to receive and surrender. A smile formed on his mechanical face, like one who had found his lost treasure in the expanse of a mosque brimming with peace."
story_mekka_p1_text_7,"«وَأَيْنَ كَانَ النَّبِيُّ مُحَمَّدٌ فِي ذَلِكَ الوَقْتِ وَكَمْ كَانَ عُمُرُهُ ؟» تَسَاءَلَ فَرِيدٌ وَفِي نَفْسِهِ رَغْبَةٌ تُدَغْدِغُ ذِهْنَهُ وَتُحَفِّزُهُ عَلَى التَّعَرُّفِ أَكْثَرَ عَلَى هَذَا الدِّينِ","« Et où était le prophète Muhammad à cette époque, et quel âge avait-il ? » se demanda Ferid, tandis qu'au fond de lui un désir titillait son esprit et le motivait à en apprendre davantage sur cette religion.","<< And where was the Prophet Muhammad at that time, and how old was he? >> Ferid wondered, while within him a desire tickled his mind and motivated him to learn more about this religion."
story_mekka_p1_text_8,"أخْبَرَهُ الشَّيْخُ أَنَّ النَّبِيَّ مُحَمَّدًا ﷺ عَاشَ فِي مَكَّةَ الْمُكَرَّمَةِ وَنَزَلَ عَلَيْهِ الْوَحْيُ فِي غَارِ حِرَاء سنة 610 ميلادي في العَاشِرِ مِنْ شَهرَ أغسطس. كَانَ حِينَهَا عُمُرُهُ 40 سَنَةً. كَانَتْ مَكَّةُ مَثَابَةَ الْمَدِينَةِ الْمُقَدَّسَةِ الَّتِي احْتَضَنَتْ بَدَايَةَ دَعْوَةِ الإِسْلَامِ، حَيْثُ كَانَتِ الْكَعْبَةُ تُمَثِّلُ بَيْتَ اللَّهِ الْحَرَام وَ رَمْزَ الْوَحْدَةِ وَالْوَفَاءِ، مِمَّا أَكَسَبَهَا بُعْدًا رُوحَانِيًّا وَمَعْنَوِيًّا فَرِيدًا. وَإِنَّ مَا نَزَلَ عَلَى النَّبِيِّ ﷺ مِنَ الوَحْيِ جَاءَ لِيُرَسِّخَ هَذَا الرَّابِطَ بَيْنَ الإِنْسَانِ وَرَبِّهِ، وَبَيْنَ الأُمَّةِ الْوَاحِدَةِ الَّتِي تَتَجَمَّعُ حَوْلَ الْكَعْبَةِ فِي صَلَاةٍ وَاحِدَةٍ، تَعْبِيرًا عَنْ وَحْدَةِ الإِيمَانِ وَالتَّوْحِيدِ.","Le vieil homme l'informa que le prophète Muhammad ﷺ vivait à La Mecque, et que la révélation lui était descendue dans la grotte de Hira en l'an 610 après J.-C., le dix août. Il avait alors 40 ans. La Mecque était la ville sainte qui a accueilli les débuts de l'appel à l'Islam, où la Kaaba représentait la Maison Sacrée de Dieu et un symbole d'unité et de fidélité, ce qui lui conférait une dimension spirituelle et morale unique. La révélation qui est descendue sur le prophète ﷺ est venue consolider ce lien entre l'homme et son Seigneur, ainsi qu'au sein de la nation unique qui se rassemble autour de la Kaaba dans une seule prière, en expression de l'unité de la foi et du monothéisme.","The old man informed him that the Prophet Muhammad ﷺ lived in Mecca, and the revelation came down to him in the Cave of Hira in the year 610 AD, on the tenth of August. He was 40 years old at the time. Mecca was the holy city that embraced the beginning of the call to Islam, where the Kaaba represented the Sacred House of God and a symbol of unity and loyalty, giving it a unique spiritual and moral dimension. The revelation that descended upon the Prophet ﷺ came to cement this bond between humanity and its Lord, and within the single nation that gathers around the Kaaba in one prayer, expressing the unity of faith and monotheism."
story_mekka_p1_text_9,"«مَاذَا تَقْصِدُ بِالْكَعْبَةِ أَيُّهَا العَزِيزُ لَمْ أَفْهَمْ مَاهِي؟» طَرَحَ الرُّبُوتُ سُؤَالَهُ وَالحَيِرَةُ تَرْسُمُ مَا فِيهِ مِنْ اِنْدِمَاجٍ فِي الْمَوْضُوعِ.. فَأَخْبَرَهُ الشَّيْخُ أَنْ يَبْحَثَ عَنْ صُورَتِهَا فِي الإِنْتَرْنِتِ أَوْ أَنْ يَذْهَبَ إِلَيْهَا مُِبَاشِرَةً، فَهِيَ لَا تَبْعُدُ مَسَافَةَ سَاعَةٍ فَقَطْ مِنْ مَدِينَةِ جِدَّةٍ، وَاسْتَأَذَنَهُ لِلذَّهَابِ لِأَدَاءِ الصَّلَاةِ فِي الْمَسْجِدِ.","« Que voulez-vous dire par la Kaaba, cher ami ? Je ne comprends pas ce que c'est », demanda le robot, sa confusion illustrant son immersion dans le sujet. Le vieil homme lui dit de chercher une photo d'elle sur internet ou de s'y rendre directement, car elle n'était qu'à une heure de route de la ville de Djeddah, et il s'excusa pour aller accomplir la prière à la mosquée.","<< What do you mean by the Kaaba, dear sir? I do not understand what it is, >> the robot asked, his confusion reflecting his deep immersion in the subject. The old man told him to search for a picture of it on the internet or to go there directly, as it was only a one-hour distance from the city of Jeddah, and he excused himself to go perform the prayer in the mosque."
story_mekka_p1_text_10,"قَالَ الرُّبُوتُ فِي نَفْسِهِ: «غَرِيبٌ أَمْرُ هَذَا الشَّيْخِ! ذَاهِبٌ إِلَى الْمَسْجِدِ مَعَ النَّاسِ بَعْدَ الْمُنَادَاةِ؟ وَخَمْسُ مَرَّاتٍ فِي الْيَوْمِ كَذَلِكَ؟» يَجِبُ أَنْ أُجَمِّعَ الْمَعْلُومَاتِ عَنْ هَذَا الْحَرَمِ الْمَكِّيِّ.. سَأَسْأَلُ أَهْلَ الْمَدِينَةِ هُنَاكَ عَنْهَا، وَهُمْ أَهْلُهَا فَإِنَّهُمْ أَدْرَى بِهَا.","Le robot se dit en lui-même : « étrange est cet homme ! Il va à la mosquée avec les gens après l'appel ? Et cinq fois par jour en plus ? Je dois recueillir des informations sur cette Grande Mosquée de La Mecque... J'interrogerai les habitants de la ville là-bas à ce sujet, car ils en sont les résidents et la connaissent le mieux. »","The robot said to himself: << How strange is this old man! Going to the mosque with the people after the call? And five times a day, too? I must gather information about this Grand Mosque of Mecca... I will ask the people of the city there about it, for they are its inhabitants and know it best. >>"
story_mekka_p1_text_11,"رَكِبَ فَرِيدٌ سَفِينَتَهُ الْفَضَائِيَّةَ وَطَارَ تَسُوقُهُ مَحَبَّةُ الإِطْلَاعِ وَالْمَعْرِفَةِ عَنْ هَذَا الدِّينِ الْحَمِيدِ.. فَلَاحَظَ فِي السَّمَاءِ وَالحَالُ مَغْرِبٌ، أَنَّ طُرَقَ السَّيَّارَاتِ تَشِقُّ الْجِبَالَ شَقًّا، وَأَحَسَّ بِنَوْعٍ مِنَ الطُّمَأْنِينَةِ النَّفْسِيَّةِ الَّتِي لَمْ يَشْعُرْ بِهَا مِنْ قَبْلُ، كَأَنَّ أَحَدًا نَزَعَ عَنْهُ هُمُومَهُ وَكُلَّ مَا يُشْغِلُ بَالَهُ مِنْ أُمُورٍ خَاصَّةٍ وَمُقْلِقَةٍ.","Ferid monta à bord de son vaisseau spatial et s'envola, poussé par la curiosité et le désir d'en apprendre davantage sur cette louable religion. Il remarqua depuis le ciel, alors que le soleil se couchait, que les autoroutes fendaient littéralement les montagnes. Il ressentit une sorte de tranquillité psychologique qu'il n'avait jamais éprouvée auparavant, comme si quelqu'un l'avait débarrassé de ses soucis et de tout ce qui était personnel et préoccupant dans son esprit.","Ferid boarded his spaceship and flew off, driven by curiosity and a desire to learn about this praiseworthy religion. He noticed from the sky, as the sun was setting, that the highways were carving right through the mountains. He felt a kind of psychological tranquility he had never experienced before, as if someone had stripped away his worries and everything private and troubling that occupied his mind."
story_mekka_p1_text_12,"وَمَا فَتِئَ الْاقْتِرَابَ مِنَ الْمَدِينَةِ الْمُكَرَّمَةِ حَتَّى لَاحَظَ نُورًا سَاطِعًا لَمْ يُشْهَدْ مِثْلَهُ مِنْ قَبْلُ.. وَمَا إِنْ دَنَا حَتَّى رَأَى بُرْجًا عَالْيًا مُضِيئًا ذَهَبِيَّ الْلَّوْنِ، وَعَلَيْهِ سَاعَةٌ عِمْلَاقَةٌ كُتِبَ فَوْقَهَا اِسْمُ «اللَّهُ».. وَفِي تِلْكَ اللَّحْظَةِ قُذِفَ فِي صَدْرِهِ فَرَحٌ وَسَعَادَةٌ وَغِمَارٌ عَمِيقٌ وَوَهَّاجٌ، كَأَنَّ أَحَدًا فَتَحَ قَلْبَهُ وَزَرَعَ فِيهِ بَذْرَةً، فَصَبَرَتْ فَنَبَتَتْ، فَأَيْنَعَتْ، فَأَزْهَرَتْ، وَتَجَمَّلَتْ فِي مُحِيَّاهِ.","À mesure qu'il s'approchait de la ville sainte, il remarqua une lumière éclatante telle qu'il n'en avait jamais vue auparavant. Dès qu'il fut plus près, il vit une tour haute et illuminée de couleur dorée, surmontée d'une horloge géante au-dessus de laquelle était écrit le nom « Allah ». À cet instant, la joie, le bonheur et un sentiment profond, radieux et bouleversant envahirent son torso, comme si quelqu'un avait ouvert son cœur et y avait planté une graine, qui avait patiemment poussé, éclos, fleuri et embelli son visage.","As he kept approaching the holy city, he noticed a bright light unlike anything he had ever seen before. As soon as he drew near, he saw a towering, illuminated golden-colored clock tower, with a giant clock bearing the name Allah written above it. At that moment, joy, happiness, and a deep, radiant overwhelming feeling were cast into his chest, as if someone had opened his heart and planted a seed in it, which patiently grew, blossomed, flourished, and beautified his countenance."
story_mekka_p1_text_13,"وَصَلَ فَرِيدٌ إِلَى مَكَّةَ الْمُكَرَّمَةِ، وَلَكِنَّهُ لَمْ يَجِدْ مَطَارًا يَضَعُ طَائِرَتَهُ فِيهِ، فَاضْطَرَّ إِلَى إِخْفَائِهَا وَتَغْتِيَتِهَا خَلْفَ الْجِبَالِ، ثُمَّ دَخَلَ الْمَدِينَةَ وَقَدْ عَجَّتْ بِالنَّاسِ وَالْإِشَارَاتِ، وَلَاحَظَ أَنَّ اللَّافِتَاتِ مُخْتَلِفَةٌ عَنْ كُلِّ اللَّافِتَاتِ فِي الْعَالَمِ.. إِنَّهَا تَحْمِلُ صُورَةَ الْكَعْبَةِ الْمُشَرَّفَةِ عَلَيْهَا وَأَسْمَاءً عَرَبِيَّةً كَعُمَرَ ابْنِ الْخَطَّابِ وَأَبِي بَكْرٍ رَضِيَ اللَّهُ عَنْهُمَا، سُمِّيَتْ بِهَا الشَّوَارِعُ وَالطُّرُقَاتُ.. فَاسْتَغْرَبَ ذَلِكَ وَوَاصَلَ الْمَشْيَ نَحْوَ قَلْبِ الْمَدِينَةِ يَسْتَكْشِفُ، فَأُعْجِبَ بِالْمَحَلَّاتِ الْمُزَيَّنَةِ بِاللُّغَةِ الْعَرَبِيةِ وَكَافَّةِ أَنْوَاعِ الْمُتَاجِرِ الَّتِي تَخْتَصُّ بِالْعُودِ وَالْعِطْرِ وَالسُّبَحِ وَالسَّجَّادَاتِ وَغَيْرِهَا.","Ferid arriva à La Mecque, mais il ne trouva pas d'aéroport pour garer son aéronef, il fut donc contraint de le cacher et de le recouvrir derrière les montagnes. Puis il entra dans la ville, qui grouillait de monde et de panneaux, et il remarqua que les panneaux de signalisation étaient différents de tous les autres dans le monde. Ils portaient l'image de la Sainte Kaaba et des noms arabes comme Omar Ibn Al-Khattab et Abu Bakr, que Dieu soit satisfait d'eux, qui donnaient leurs noms aux rues et aux routes. Il s'en étonna et continua à marcher vers le cœur de la ville pour l'explorer, fasciné par les boutiques ornées de la langue arabe et par toutes sortes de magasins spécialisés dans le oud, les parfums, les chapelets, les tapis de prière et bien plus encore.","Ferid arrived in Mecca, but he could not find an airport to park his aircraft, so he was forced to hide and cover it behind the mountains. Then he entered the city, which was bustling with people and signs, and he noticed that the signboards were different from all other signs in the world. They bore the image of the Holy Kaaba and Arabic names such as Omar Ibn Al-Khattab and Abu Bakr, may Allah be pleased with them, after whom the streets and roads were named. He marveled at this and continued walking towards the heart of the city to explore, becoming fascinated by the shops adorned with the Arabic language and all kinds of stores specializing in oud, perfumes, rosaries, prayer rugs, and more."
story_mekka_p1_text_14,"وَاصَلَ فَرِيدٌ مَسَارَهُ وَأَسْرَعَ خُطُوَاتِهِ بَعْدَ سُؤَالِ الْمَارَّةِ عَنْ اِتِّجَاهَاتِ الْحَرَمِ الْمَكِّيِّ.. وَمَا إِنْ وَصَلَ فِي جَوْفِ اللَّيْلِ حَتَّى اسْتَفْحَلَتْ فِي نَفْسِهِ غَمَرَاتٌ جَعَلَتْ عَيْنَيْهِ تَتَلَأْلَآنِ مِنْ شِدَّةِ وَعَظَمَةِ الْمَشْهَدِ.. مَسْجِدٌ وَبِنَايَةٌ لَمْ يَرَى مِثْلَ نُورِهَا وَعَظَمَتِهَا وَحَجْمِهَا مِنْ قَبْلُ.. نَعَمْ.. إِنَّهُ الْحَرَمُ الْمَكِّيُّ الَّذِي يَنْفَطِرُ فُؤَادُ اِبْنِ آدَمَ وَيَخْشَعُ لِلَّهِ عِنْدَ أَوَّلِ نَظْرَةٍ لَهُ.","Ferid poursuivit son chemin et accéléra le pas après avoir demandé aux passants la direction de la Grande Mosquée de La Mecque. Dès qu'il y arriva au cœur de la nuit, de vives émotions l'envahirent, faisant briller ses yeux face à l'intensité et à la grandeur de la scène. Une mosquée et un bâtiment dont il n'avait jamais vu de pareille lumière, majesté ou taille auparavant. Oui... C'est la Grande Mosquée de La Mecque, qui fait s'ouvrir le cœur du fils d'Adam et le rend humble devant Dieu dès le premier regard.","Ferid continued his path and quickened his pace after asking passersby for directions to the Grand Mosque of Mecca. As soon as he arrived in the dead of night, intense emotions swelled within him, making his eyes sparkle from the intensity and greatness of the scene. A mosque and a building whose light, majesty, and size he had never seen the likes of before. Yes... It is the Grand Mosque of Mecca, which makes the heart of the son of Adam break open and humble itself before God at the very first glance."

press_ferid_head_1,"أنقر على فريد","Cliquez sur Ferid","Click on Ferid"

Dictionnary_phrase_8394715,"أضيف إلى معجمي","Ajouter à mon dictionnaire","Add to my dictionary"
Dictionnary_phrase_milky_way_1839471,"مجرة دَرْب التّبَانَة هِي الْمَجَرَّة الَّتي تَنْتَمِي إلَيْهَا الشَّمْسِ، وَالْأَرْض، وَ كل الْمَجْمُوعَة الشَّمْسِيَّة","La Voie lactée est la galaxie à laquelle appartiennent le Soleil, la Terre et tout le système solaire.","The Milky Way is the galaxy to which the Sun, the Earth, and the entire solar system belong."
Dictionnary_phrase_pluto_dwarf_2948572,"بلُوتُو هُو كَوْكَب قَزَم، حَيْث إنّه أَصْغَرُ مِنْ الْقَمَرِ التّابع لكوكبِ الْأَرْض","Pluton est une planète naine, car elle est plus petite que la Lune de la planète Terre.","Pluto is a dwarf planet, as it is smaller than the Moon of planet Earth."
Dictionnary_phrase_pluto_coldest_3059683,"يُعْتَبَرُ سَطْحُ بلُوتُو أَحَدَ أَبْرَد الْأَمَاكِن الْمَوْجُودَةِ فِي النِّظَامِ الشَّمْسِيّ ","La surface de Pluton est considérée comme l'un des endroits les plus froids du système solaire.","The surface of Pluto is considered one of the coldest places in the solar system."
Dictionnary_phrase_piano_keys_4160794,"يَحْتَوِي البِيانو الْحَدِيثِ عَلَى ثَمَانِيَةٍ وَثَمَانِينَ مفتاحًا بَيْن الْأَسْوَدِ وَالْأَبْيَضِ","Le piano moderne comporte quatre-vingt-huit touches réparties entre les noires et les blanches.","The modern piano contains eighty-eight keys divided between black and white."
Dictionnary_phrase_venus_hottest_5271805,"يُعْتَبَرُ كَوْكَبُ الزُّهْرَة الْكَوْكَبَ الْأَكْثَرَ سُخُونَةً فِي النِّظَامِ الشَّمْسِيِّ ، حَيْثُ تَصِلُ دَرَجَاتُ الْحَرَارَةِ عَلَى سَطْحِهِ إلَى 465 دَرَجَةً مِئَوِيَّة .","Vénus est considérée comme la planète la plus chaude du système solaire, les températures à sa surface atteignant 465 degrés Celsius.","Venus is considered the hottest planet in the solar system, where temperatures on its surface reach 465 degrees Celsius."
Dictionnary_phrase_uae_mars_6382916,"أَصْبَحَتْ دَوْلَةُ الإِمَارَاتِ العَرَبيَّةِ المتَّحِدَةِ أَوَّل دَوْلَةٍ عَرَبِيَّةٍ أَوْ إسْلَامِيَّةٌ تَصِلُ بِنَجَاحٍ إلَى كَوْكَبِ الْمِرِّيخِ.","Les Émirats arabes unis sont devenus le premier pays arabe ou islamique à atteindre avec succès la planète Mars.","The United Arab Emirates became the first Arab or Islamic country to successfully reach the planet Mars."
Dictionnary_phrase_mars_ice_7493027,"تُوجَد الْمِيَاهُ عَلَى سَطْحِ كَوْكَبِ المِرِّيخِ في صُورَةِ جَلِيدٍ غَالِبًا، فِي الْقُطْبِ الشَّمَالِيّ والجنوبي لِلْكَوْكَب. ","L'eau se trouve principalement sous forme de glace à la surface de la planète Mars, aux pôles Nord et Sud de la planète.","Water exists on the surface of the planet Mars mostly in the form of ice, at the North and South poles of the planet."
Dictionnary_phrase_primary_colors_8504138,"الأَلْوانُ الأَساسيَّةُ هِيَ الأَزْرَقُ والْأَحْمَرُ والْأَصْفَرُ و مَزْجُ هَذِهِ الأَلْوانِ يُعْطينا اللَّوْنَ الأَبْيَضَ","Les couleurs primaires sont le bleu, le rouge et le jaune, et le mélange de ces couleurs donne la couleur blanche.","The primary colors are blue, red, and yellow, and mixing these colors gives us the color white."
Dictionnary_phrase_smile_traits_9615249,"الْإِبْتِسَامَةُ الدّائِمَةُ وَالْبشاشة فِي وُجُوهِ الْآخَرِين هِيَ مِنْ أَحْسن الصِّفَاتِ فِي شَخْصِيةِ الْفَرْدِ دَاخِلَ مُجْتَمَعِهِ","Le sourire constant et la jovialité envers les autres comptent parmi les meilleures qualités de la personnalité d'un individu au sein de sa communauté.","A constant smile and cheerfulness toward others are among the best traits in an individual's personality within their community."
Dictionnary_phrase_uranus_orbit_1726350,"يَسْتَغْرِقُ كَوْكَب أُورانُوس أكثر من 83 سَنَةً أَرْضِيَّة لِإِتْمَامِ دَوْرَة وَاحِدَة حَوْلَ الشَّمْسِ ","La planète Uranus met plus de 83 années terrestres pour accomplir une révolution complète autour du soleil.","The planet Uranus takes more than 83 Earth years to complete one full orbit around the sun."

keys_phrase_fahed_83921,"هذا مِفْتَاح فَهْد, أكْمِل الخَرِيطَة للْحُصولِ على بَقِيَّةِ المَفَاتيح","C'est la clé de Fahed, complétez la carte pour obtenir le reste des clés.","This is Fahed's key, complete the map to get the rest of the keys."
keys_phrase_nagham_47103,"هذا مِفْتَاح نَغَم, أكْمِل الخَرِيطَة للْحُصولِ على بَقِيَّةِ المَفَاتيح","C'est la clé de Nagham, complétez la carte pour obtenir le reste des clés.","This is Nagham's key, complete the map to get the rest of the keys."
keys_phrase_sadim_91526,"هذا مِفْتَاح سديم, أكْمِل الخَرِيطَة للْحُصولِ على بَقِيَّةِ المَفَاتيح","C'est la clé de Sadim, complétez la carte pour obtenir le reste des clés.","This is Sadim's key, complete the map to get the rest of the keys."
keys_phrase_bassem_28475,"هذا مِفْتَاح باسم, أكْمِل الخَرِيطَة للْحُصولِ على بَقِيَّةِ المَفَاتيح","C'est la clé de Bassem, complétez la carte pour obtenir le reste des clés.","This is Bassem's key, complete the map to get the rest of the keys."

achievements_phrase_level_1_8472,"أَكْمَلْتُ المَرْحَلةَ الأُولى","J'ai terminé le premier niveau","I completed the first level"
achievements_phrase_ferid_encyclopedia_1934,"عَثَرْتُ عَلَى موْسوعَةِ فَرِيدْ","J'ai trouvé l'encyclopédie de Ferid","I found Ferid's encyclopedia"
achievements_phrase_first_story_5612,"قَرَأْتُ أوّلَ قِصّةٍ","J'ai lu la première histoire","I read the first story"
achievements_phrase_level_2_3091,"أَكْمَلْتُ المَرْحَلةَ الثّانِيَةِ","J'ai terminé le deuxième niveau","I completed the second level"
achievements_phrase_fahed_encyclopedia_7258,"العُثورْ على موْسوعَةِ فَهْدْ","Trouver l'encyclopédie de Fahed","Finding Fahed's encyclopedia"
achievements_phrase_level_2_alt_4826,"أَكْمَلْتُ المَرْحَلةَ الثّانِيَةِ","J'ai terminé le deuxième niveau","I completed the second level"
achievements_phrase_nagham_encyclopedia_6109,"العُثورْ على موْسوعَةِ نَغَمُ","Trouver l'encyclopédie de Nagham","Finding Nagham's encyclopedia"
achievements_phrase_level_4_2938,"أَكْمَلْتُ المَرْحَلةَ الرابعة!","J'ai terminé le quatrième niveau !","I completed the fourth level!"
achievements_phrase_sadim_encyclopedia_8471,"العُثورْ على موْسوعَةِ سديم!","Trouver l'encyclopédie de Sadim !","Finding Sadim's encyclopedia!"
achievements_phrase_ten_stars_1593,"جَمَعَتُ عَشَرَةَ نُجومٍ!","J'ai collecté dix étoiles !","I collected ten stars!"
achievements_phrase_level_5_9264,"أَكْمَلْتُ المَرْحَلةَ الخامسة!","J'ai terminé le cinquième niveau !","I completed the fifth level!"
achievements_phrase_bassem_encyclopedia_3740,"العُثورْ على موْسوعَةِ باسِمُ!","Trouver l'encyclopédie de Bassem !","Finding Bassem's encyclopedia!"

islamic_map_prophets_stories_1982,"قِصَصُ الْأَنْبِيَاءِ","Histoires des Prophètes","Stories of the Prophets"
islamic_map_prophetic_biography_3847,"السِّيرَةُ النَّبَوِيَّةُ","La biographie du Prophète","Prophetic Biography"
islamic_map_pillars_of_faith_5736,"أَرْكَانُ الْإِيمَانِ","Les piliers de la foi","Pillars of Faith"
islamic_map_pillars_of_islam_4592,"أَرْكَانُ الْإِسْلَامِ","Les piliers de l'Islam","Pillars of Islam"
islamic_map_holy_quran_9284,"الْقُرْآنُ الْكَرِيمُ","Le Saint Coran","The Holy Quran"
islamic_map_ethics_values_2648,"الْأَخْلَاقُ وَالْقِيَمُ الْإِنْسَانِيَّةُ","Éthique et valeurs humaines","Ethics and Human Values"
islamic_map_simplified_miracles_7491,"مُعْجِزَاتُ الْإِسْلَامِ الْمُبَسَّطَةُ","Les miracles simplifiés de l'Islam","Simplified Miracles of Islam"
islamic_map_islamic_civilization_8103,"تَارِيخُ الْحَضَارَةِ الْإِسْلَامِيَّةُ","Histoire de la civilisation islamique","History of Islamic Civilization"

CONTENT_AVAILABLE_ONLY_IN_ARABIC_WARNING_LOCALIZATION_PHRASE_83925,"يُقَدَّمُ هٰذَا الْقِسْمُ بِاللُّغَةِ الْعَرَبِيَّةِ حِفَاظًا عَلَى أَصَالَةِ الْمُحْتَوَى وَدِقَّةِ مَعَانِيهِ.","Cette section est présentée en langue arabe afin de préserver l'authenticité du contenu et l'exactitude de ses significations.","This section is presented in the Arabic language to preserve the authenticity of the content and the accuracy of its meanings."

phrase_1784798811,"التّعليمات","Instructions","Instructions"
phrase_1784798919,"اكتمال المرحلة!","Niveau terminé!","Level completed!"
phrase_1784798922,"أحسنت!","Très bien !","Well done!"
phrase_1784798926,"حَاولْ مُجَددا","Essayez à nouveau","Try again"
phrase_1784798934,"وقفة","arrêt","stop"
phrase_1784799092,"فَلنُسَاعِد نَغَمَ في تعدِِيلِ المَوْجَاتِ الصّوتِيَّة","Aidons Nagham à modifier les ondes sonores","Let's help Nagham modify the audio waves"
phrase_1784799112,"إنتهاء المرحلة","Fin de niveau","End of Level"
phrase_1784799120,"مجموع النقاط","Total des points","Total points"
phrase_1784799126,"0","zéro","zero"
phrase_1784799181,"أعلى مجموعة نقاط","Meilleur score","Highest score"
phrase_1784799187,"إختيار المستوى","Choisir le niveau","Choose Level"
phrase_1784799190,"المستوى اللانهائي","Niveau Infini","Infinite Level"
phrase_1784800553,"إنطلق","Allez!","Go!"
phrase_1784800611,"عَلَيْكَ إِنْهَاءُ المَرَاحِلِ السَّابِقَةِ أوّلًا","Vous devez d'abord terminer les niveaux précédents","You must first complete the previous levels"



Horizon_Trainee_MunchCraftMastermind_pizza_ferid_phrase_intro_ferid_help_1277265523,"مرحبا إسمي فريد لقد سافر أحد أصدقائي و ترك لي محل البيتزا خاصته للاعتناء به, يبدو أن الزبائن هنا لا يطلبون بيتزا تقليدية , حيث تحتوي على عدة أشكال و ألوان, أنا حقا أحتاج مساعدتك","Bonjour, je m'appelle Ferid. L'un de mes amis est parti en voyage et m'a laissé sa pizzeria pour que je m'en occupe. Il semble que les clients ici ne commandent pas de pizza traditionnelle, car elle a plusieurs formes et couleurs. J'ai vraiment besoin de ton aide!","Hello, my name is Ferid. One of my friends traveled and left me his pizza shop to take care of. It seems that the customers here don't order traditional pizza, since it comes in several shapes and colors. I really need your help."

Horizon_Trainee_MunchCraftMastermind_pizza_ferid_phrase_guide_steps_intro_1673662589,"سارشدك خلال جميع المراحل اللازمة لتحضير طلب الزبون","Je vais te guider à travers toutes les étapes nécessaires pour préparer la commande du client.","I will guide you through all the steps necessary to prepare the customer's order."

Horizon_Trainee_MunchCraftMastermind_pizza_ferid_phrase_click_pizza_start_1772314877,"اضغط على البيتزا لتبدأ بتحظيرها","Clique sur la pizza pour commencer à la préparer.","Click on the pizza to start preparing it."

Horizon_Trainee_MunchCraftMastermind_pizza_ferid_phrase_match_pizza_topleft_1081115803,"في هذه المرحلة نحاول الحصول على بيتزا مثل الموجودة على اليسار في الأعلى","À cette étape, nous essayons d'obtenir une pizza comme celle affichée en haut à gauche.","At this stage, we are trying to get a pizza like the one shown on the top left."

Horizon_Trainee_MunchCraftMastermind_pizza_ferid_phrase_oven_prepare_intro_1212827338,"سنقوم الآن بتجهيز الفرن. يجب اختيار الوقت ودرجة الحرارة المناسبين","Nous allons maintenant préparer le four. Il faut choisir la durée et la température appropriées.","We will now prepare the oven. We must choose the appropriate time and temperature."

Horizon_Trainee_MunchCraftMastermind_pizza_ferid_phrase_oven_time_start_1046084695,"فلنبدأ بالوقت","Commençons par la durée.","Let's start with the time."

Horizon_Trainee_MunchCraftMastermind_pizza_ferid_phrase_oven_time_explain_1351614964,"يمثل الوقت على اليسار في الأعلى المدة الزمنية المطلوبة لطهو البيتزا","La durée affichée en haut à gauche représente le temps nécessaire pour cuire la pizza.","The time shown on the top left represents the duration required to cook the pizza."

Horizon_Trainee_MunchCraftMastermind_pizza_ferid_phrase_oven_temp_choose_1516082559,"لنختر درجة الحرارة المناسبة الان","Choisissons maintenant la température appropriée.","Let's now choose the appropriate temperature."

Horizon_Trainee_MunchCraftMastermind_pizza_ferid_phrase_oven_temp_explain_1702819704,"عدد الدرجات الموجودة على اليسار في الأعلى هي الحرارة المطلوبة لطهو البيتزا","Le nombre de degrés affiché en haut à gauche est la température nécessaire pour cuire la pizza.","The number of degrees shown on the top left is the temperature required to cook the pizza."

Horizon_Trainee_MunchCraftMastermind_pizza_ferid_phrase_oven_button_press_1231425485,"اضغط على الزر لتشغيل الفرن","Appuie sur le bouton pour allumer le four.","Press the button to turn on the oven."

Horizon_Trainee_MunchCraftMastermind_pizza_ferid_phrase_toppings_stage_intro_1108280204,"ننتقل الان للمرحلة الثالثة في إعداد البيتزا وهي وضع الإضافات المناسبة فوق البيتزا","Nous passons maintenant à la troisième étape de la préparation de la pizza, qui consiste à mettre les garnitures appropriées sur la pizza.","We now move to the third stage of preparing the pizza, which is placing the appropriate toppings on the pizza."

Horizon_Trainee_MunchCraftMastermind_pizza_ferid_phrase_match_pizza_topright_1197263435,"نريد بيتزا كالتي على اليمين في الأعلى","Nous voulons une pizza comme celle en haut à droite.","We want a pizza like the one on the top right."

Horizon_Trainee_MunchCraftMastermind_pizza_ferid_phrase_toppings_use_table_1694558741,"إستعمل الاضافات الموجودة على الطاولة","Utilise les garnitures disponibles sur la table.","Use the toppings available on the table."

Horizon_Trainee_MunchCraftMastermind_pizza_ferid_phrase_topping_place_spot_1033299130,"ضع الإضافة المناسبة في المكان المخصص","Place la garniture appropriée à l'endroit désigné.","Place the appropriate topping in the designated spot."

Horizon_Trainee_MunchCraftMastermind_pizza_ferid_phrase_olives_request_1459872892,"يريد الزبون إضافة زيتون على البيتزا","Le client veut ajouter des olives sur la pizza.","The customer wants olives added to the pizza."

Horizon_Trainee_MunchCraftMastermind_pizza_ferid_phrase_final_stage_reached_1780182831,"وصلنا الى المرحلة الاخيرة","Nous sommes arrivés à la dernière étape.","We have reached the final stage."

Horizon_Trainee_MunchCraftMastermind_pizza_ferid_phrase_change_return_intro_1627989443,"في هذه المرحلة نريد إرجاع الباقي للزبون","À cette étape, nous voulons rendre la monnaie au client.","At this stage, we want to give the change back to the customer."

Horizon_Trainee_MunchCraftMastermind_pizza_ferid_phrase_customer_click_money_1897960984,"اضغط على الزبون لكي يعطيك النقود","Clique sur le client pour qu'il te donne l'argent.","Click on the customer so he gives you the money."

Horizon_Trainee_MunchCraftMastermind_pizza_ferid_phrase_change_amount_display_1926574610,"يمثل هذا العدد المبلغ الذي يجب إرجاعه للزبون","Ce nombre représente le montant qui doit être rendu au client.","This number represents the amount that must be returned to the customer."

Horizon_Trainee_MunchCraftMastermind_pizza_ferid_phrase_money_place_spot_1767332958,"ضع كمية المال المناسبة في هذا المكان","Place la quantité d'argent appropriée à cet endroit.","Place the appropriate amount of money in this spot."

Horizon_Trainee_MunchCraftMastermind_pizza_ferid_phrase_money_value_added_1389248898,"عند وضع نقود في المكان المخصص يتم إضافة قيمتها هنا","Lorsque de l'argent est placé à l'endroit désigné, sa valeur est ajoutée ici.","When money is placed in the designated spot, its value is added here."

Horizon_Trainee_MunchCraftMastermind_pizza_ferid_phrase_waiting_for_new_order_1785226922,"في إنتظار طلب جديد ...","En attente d'une nouvelle commande...","Waiting for a new order..."

phrase_1785167739,"التالي","Suivant","Next"
phrase_1785226922,"تحقق","Vérifier","Verify"
phrase_1785227368,"دقيقة","minutes","minutes"
phrase_1785227449,"درجة","Degres","Degrees"
phrase_1785228637,"إرجاع","rendre","return"
phrase_1785229775,"الباقي","monnaie","change"




